,hour,dong,인구,여성,남성,남성비율
0,0,공덕동,170.31594515589677,34.29736811033035,136.01857704556642,0.7986250313854252
1,0,당산1동,404.2581109247849,114.54084665240862,289.71726427237627,0.7166640728855537
2,0,당산2동,665.3811606223308,203.3036448639541,462.07751575837665,0.6944553634884939
3,0,대림1동,-51.322060406691435,-7.363765228408738,-43.9582951782827,0.8565185191308368
4,0,대림2동,65.2831585333638,17.82660728437486,47.456551248988944,0.7269340564264466
5,0,대림3동,150.59753980750247,43.76135506658375,106.83618474091872,0.7094152061015033
6,0,대흥동,64.84158526413285,11.518664663860363,53.32292060027248,0.8223568313924009
7,0,도림동,-12.517122156091773,2.839967675229218,-15.357089831320991,0.8439325877710204
8,0,도화동,354.08950171461856,103.35068670896453,250.73881500565403,0.7081227028519448
9,0,망원1동,158.4476997072925,33.70453141392136,124.74316829337113,0.7872829237900881
10,0,망원2동,55.857061244108536,12.499734224543317,43.35732701956522,0.7762192649212867
11,0,문래동,121.66207270141513,27.705200774898003,93.95687192651712,0.7722774225383081
12,0,상암동,671.3063397302813,290.7990982263391,380.50724150394217,0.5668161001679548
13,0,서강동,255.59202302252834,96.78111417390846,158.81090884861987,0.6213453259244401
14,0,서교동,3099.646556415435,1101.6795812555501,1997.966975159885,0.6445789669227384
15,0,성산1동,-6.675465972534312,-0.003101267728197854,-6.672364704806114,0.9995354230339938
16,0,성산2동,73.07405740863214,61.86998875761492,11.204068651017224,0.15332484671493965
17,0,신길1동,74.89545844028589,50.108397295515715,24.787061144770178,0.33095546326794817
18,0,신길3동,-6.4535851928421835,18.51909683388294,-24.972682026725124,0.5741931620401874
19,0,신길4동,-0.44378326588253003,10.805709188611672,-11.249492454494202,0.5100607392547066
20,0,신길5동,14.671274700982622,6.923266162715663,7.748008538266959,0.528107386452796
21,0,신길6동,96.89141194560989,45.285738385859986,51.6056735597499,0.5326134950816778
22,0,신길7동,56.196151702298266,48.17806924275328,8.018082459544985,0.14268027643638573
23,0,신수동,-7.901594183984798,27.084658720476455,-34.98625290446125,0.5636497352554609
24,0,아현동,103.69527950799329,17.474268722169654,86.22101078582364,0.8314844339580312
25,0,양평1동,31.61793270797307,3.753834001103314,27.864098706869754,0.8812751600247187
26,0,양평2동,317.88184214179546,76.18782546328384,241.69401667851162,0.7603265888043418
27,0,여의동,1930.0186251864106,611.8555542617887,1318.163070924622,0.6829794561165478
28,0,연남동,150.21928223859368,51.31616573150313,98.90311650709054,0.6583916194593612
29,0,염리동,-31.010986537046847,-4.04347352387822,-26.967513013168627,0.8696115804298022
30,0,영등포동,955.0937780273098,296.55125531141584,658.5425227158939,0.6895056149104802
31,0,영등포본동,140.15220441675274,65.62452574162671,74.52767867512603,0.5317624434469298
32,0,용강동,292.6568463823314,123.58709182713483,169.0697545551966,0.5777064731105632
33,0,합정동,429.2345242678957,104.44547457372664,324.7890496941691,0.7566703779201608
34,1,공덕동,68.60183197458355,-6.065311791217027,74.66714376580057,0.9248714565985996
35,1,당산1동,244.57563488433516,89.78206458966997,154.7935702946652,0.6329067503713943
36,1,당산2동,361.8272858978589,108.60391744483968,253.22336845301925,0.6998459716067469
37,1,대림1동,-5.294095649848259,4.834245651382844,-10.128341301231103,0.6769111072374884
38,1,대림2동,81.38895513183525,15.71290297411133,65.67605215772392,0.8069405984060208
39,1,대림3동,156.2890925202055,67.28232790788115,89.00676461232433,0.5695008088988507
40,1,대흥동,-6.4699119125070865,6.276548138353974,-12.74646005086106,0.6700549105628615
41,1,도림동,5.754632146536551,0.20312166417670596,5.551510482359845,0.9647029281795265
42,1,도화동,179.2739116412249,61.004578886714626,118.26933275451029,0.6597130149711848
43,1,망원1동,190.85118607113145,94.43113738433203,96.42004868679942,0.5052106338540807
44,1,망원2동,26.458641447190985,15.347256679412567,11.111384767778418,0.419952959034413
45,1,문래동,15.928009490898148,-2.084479475488479,18.012488966386627,0.8962789098506446
46,1,상암동,306.52054020317973,128.09323574830614,178.4273044548736,0.5821055396046266
47,1,서강동,227.67084460733167,65.40394297455168,162.26690163278,0.7127258736736576
48,1,서교동,1641.978133868024,515.5077332809215,1126.4704005871026,0.6860447026377051
49,1,성산1동,46.3100421254353,36.8077674898841,9.502274635551203,0.20518820971514898
50,1,성산2동,22.455160498463556,38.94987860890069,-16.494718110437134,0.29749910877580876
51,1,신길1동,72.0982326729004,28.412059530945044,43.68617314195535,0.6059257144367659
52,1,신길3동,-3.255255299410692,15.061254499511051,-18.316509798921743,0.5487638307692696
53,1,신길4동,8.391792172302758,19.024033528592554,-10.632241356289796,0.35851574068426617
54,1,신길5동,29.585663684791598,2.8445226536350674,26.74114103115653,0.9038546951678733
55,1,신길6동,83.19395380350625,32.80946852373836,50.38448527976789,0.605626767045713
56,1,신길7동,40.827361977579585,10.49216768103497,30.335194296544614,0.7430113734314561
57,1,신수동,-20.085863184487607,-1.755167689326754,-18.330695495160853,0.912616765672173
58,1,아현동,80.47716455685713,29.093824522189607,51.383340034667526,0.6384834793522725
59,1,양평1동,31.68009610660647,-10.922183949440296,42.602280056046766,0.7959403395740571
60,1,양평2동,208.8603435375344,68.00510247108468,140.8552410664497,0.6743991639616189
61,1,여의동,1060.2664079699462,340.8094634559693,719.4569445139769,0.6785624245999599
62,1,연남동,56.15156453675036,12.804664503546519,43.34690003320384,0.7719624625033189
63,1,염리동,-32.84567243276888,-9.65176351594664,-23.193908916822238,0.7061480919380587
64,1,영등포동,590.9548148984322,166.6098526765436,424.34496222188864,0.7180666804361702
65,1,영등포본동,95.9212618776528,38.67085857472148,57.25040330293132,0.5968478956829611
66,1,용강동,190.12021863592327,99.22137053579354,90.89884810012973,0.4781124740562147
67,1,합정동,266.8193866570782,61.50578555723314,205.31360109984507,0.7694853199093751
68,2,공덕동,96.10143275963492,28.9554331043164,67.14599965531852,0.6986992568910124
69,2,당산1동,158.6997674552931,64.29010777505209,94.40965968024102,0.5948947575290991
70,2,당산2동,168.34372127804272,60.87470829028189,107.46901298776083,0.6383903846954947
71,2,대림1동,35.5185822919002,13.63411466455318,21.88446762734702,0.6161413608092585
72,2,대림2동,18.310062513692174,-7.939052954016006,26.24911546770818,0.7677836128544606
73,2,대림3동,106.98124958358312,19.795415038482133,87.18583454510099,0.8149636958295554
74,2,대흥동,-55.70115213928875,1.5820539159949476,-57.2832060552837,0.9731241496806969
75,2,도림동,28.874968381850067,15.66345829934562,13.211510082504446,0.4575419757276272
76,2,도화동,104.92833274610348,30.851111257336925,74.07722148876655,0.7059792102864364
77,2,망원1동,3.2156886371039946,37.467705321554604,-34.25201668445061,0.4775815595267175
78,2,망원2동,9.759204841453084,9.919059532741812,-0.15985469128872865,0.015860308733216207
79,2,문래동,14.221015929374516,5.286511152640742,8.934504776733775,0.6282606545907119
80,2,상암동,116.64182285874631,54.79476822424658,61.84705463449973,0.5302305221120965
81,2,서강동,81.12946379929872,26.550182113263872,54.57928168603485,0.672743034775322
82,2,서교동,832.1484903126366,222.40921053283273,609.7392797798038,0.7327289382580338
83,2,성산1동,26.156826955300403,13.399987884071379,12.756839071229024,0.4877059091696895
84,2,성산2동,28.793429030852167,36.818476800975986,-8.02504777012382,0.17895666870252439
85,2,신길1동,57.84936168871582,26.89894782180272,30.950413866913095,0.5350173789895132
86,2,신길3동,12.150535882660733,15.698321692887475,-3.547785810226742,0.1843378360872542
87,2,신길4동,3.7634263092925266,5.000365021313655,-1.2369387120211286,0.1983130475770173
88,2,신길5동,0.1944703695814951,1.9334163950484253,-1.7389460254669302,0.4735224431424439
89,2,신길6동,73.89266386465897,38.385449443069774,35.5072144215892,0.4805242166749305
90,2,신길7동,42.14283292869368,28.952269295791666,13.190563632902013,0.31299660502701965
91,2,신수동,-42.871785075199114,-12.030640041237803,-30.84114503396131,0.7193809396987902
92,2,아현동,56.25966389439873,6.4266703303355825,49.832993564063145,0.8857677084171947
93,2,양평1동,44.579772514654906,15.552432280661833,29.027340233993073,0.6511325338066897
94,2,양평2동,106.39895336901282,20.020509970627245,86.37844339838557,0.8118354613772175
95,2,여의동,331.8987335314505,76.19478918165441,255.70394434979607,0.7704275988915931
96,2,연남동,18.351608090030822,-7.816703965752367,26.16831205578319,0.769995578027708
97,2,염리동,-14.482472890874305,3.342556501128911,-17.825029392003216,0.8420908025126563
98,2,영등포동,241.34928911581028,82.16721593579769,159.1820731800126,0.6595506196151664
99,2,영등포본동,70.96742205243936,26.254295975223158,44.7131260772162,0.6300514346452758
100,2,용강동,117.33931890065742,56.2586368173379,61.080682083319516,0.5205474401554354
101,2,합정동,129.31643203071962,63.90973845487315,65.40669357584648,0.50578795400347
102,3,공덕동,0.0,0.0,0.0,0.4710413162428017
103,3,당산1동,0.0,0.0,0.0,0.5067530413527024
104,3,당산2동,0.0,0.0,0.0,0.49078678583358826
105,3,대림1동,0.0,0.0,0.0,0.4991866270489632
106,3,대림2동,0.0,0.0,0.0,0.49216090465398576
107,3,대림3동,0.0,0.0,0.0,0.4975770248418446
108,3,대흥동,0.0,0.0,0.0,0.49695113165554994
109,3,도림동,0.0,0.0,0.0,0.5018632107360033
110,3,도화동,0.0,0.0,0.0,0.46978650432297625
111,3,망원1동,0.0,0.0,0.0,0.47068005803778246
112,3,망원2동,0.0,0.0,0.0,0.4761425865673615
113,3,문래동,0.0,0.0,0.0,0.5000022072012595
114,3,상암동,0.0,0.0,0.0,0.4946948254314385
115,3,서강동,0.0,0.0,0.0,0.49531809497154494
116,3,서교동,0.0,0.0,0.0,0.5167862082623961
117,3,성산1동,0.0,0.0,0.0,0.4727573174176005
118,3,성산2동,0.0,0.0,0.0,0.46798466727526294
119,3,신길1동,0.0,0.0,0.0,0.5113829046250737
120,3,신길3동,0.0,0.0,0.0,0.496558172235923
121,3,신길4동,0.0,0.0,0.0,0.5016692685178084
122,3,신길5동,0.0,0.0,0.0,0.495740174277578
123,3,신길6동,0.0,0.0,0.0,0.4915067428965405
124,3,신길7동,0.0,0.0,0.0,0.5049585665288562
125,3,신수동,0.0,0.0,0.0,0.49767071461294055
126,3,아현동,0.0,0.0,0.0,0.47197550638963026
127,3,양평1동,0.0,0.0,0.0,0.5050842865645471
128,3,양평2동,0.0,0.0,0.0,0.5118635556967095
129,3,여의동,0.0,0.0,0.0,0.51644933959512
130,3,연남동,0.0,0.0,0.0,0.4723500562655187
131,3,염리동,0.0,0.0,0.0,0.48228214649558565
132,3,영등포동,0.0,0.0,0.0,0.5372918317201378
133,3,영등포본동,0.0,0.0,0.0,0.5183030336822925
134,3,용강동,0.0,0.0,0.0,0.489289541046081
135,3,합정동,0.0,0.0,0.0,0.48017154517420024
136,4,공덕동,15660.061729783109,8239.171461415915,7420.890268367192,0.4738736281130848
137,4,당산1동,9874.074632907294,4876.448149169104,4997.626483738189,0.5061361868870847
138,4,당산2동,13079.984836094322,6661.407190084437,6418.577646009885,0.49071751431223143
139,4,대림1동,6915.851860523548,3474.93806980701,3440.9137907165377,0.4975401237781938
140,4,대림2동,6276.09778266479,3184.133411098847,3091.9643715659436,0.492657138023926
141,4,대림3동,9219.611603973877,4633.334685030577,4586.276918943299,0.4974479529014543
142,4,대흥동,10030.143364905023,5047.2045830690495,4982.938781835975,0.49679636676690303
143,4,도림동,7375.357072372097,3672.168188993213,3703.1888833788835,0.5021029961045461
144,4,도화동,9715.91764137244,5154.934529389892,4560.983111982548,0.46943410600362784
145,4,망원1동,10989.28150386885,5861.834284950224,5127.447218918626,0.4665862110378622
146,4,망원2동,8224.839747260772,4318.987050033599,3905.8526972271725,0.47488496034563965
147,4,문래동,15030.37499961903,7511.616091951606,7518.758907667425,0.5002376126914997
148,4,상암동,14849.60060064961,7510.190118345818,7339.410482303792,0.4942496892463709
149,4,서강동,11424.592042466695,5785.252116425044,5639.339926041651,0.49361411813038847
150,4,서교동,20690.101670597003,10054.642166106347,10635.459504490655,0.5140361161011043
151,4,성산1동,7957.081519310814,4195.210918375974,3761.87060093484,0.4727701471708268
152,4,성산2동,16053.408444099347,8522.439558606031,7530.9688854933165,0.46911962102736066
153,4,신길1동,7018.350987219973,3448.381856454573,3569.9691307653998,0.5086620970176777
154,4,신길3동,6473.457902809151,3235.5196746961865,3237.9382281129647,0.5001868053714946
155,4,신길4동,3472.093396456041,1734.2788870552947,1737.814509400746,0.5005091485080816
156,4,신길5동,3812.793769768876,1916.1474075648293,1896.6463622040465,0.49744268290676985
157,4,신길6동,8241.750142535415,4196.86021393801,4044.8899285974044,0.490780460295909
158,4,신길7동,7160.161172871247,3551.4152385326893,3608.745934338558,0.5040034500915347
159,4,신수동,6404.940621353884,3241.2837044330618,3163.6569169208224,0.49394008531059336
160,4,아현동,10028.97427418697,5288.355802178242,4740.618472008728,0.47269225569860585
161,4,양평1동,7307.415935238967,3611.5043409163845,3695.911594322582,0.5057754515518376
162,4,양평2동,10767.509030675188,5285.995416825093,5481.513613850094,0.509079082100976
163,4,여의동,20162.580797363174,9909.884950215175,10252.695847148,0.5085011661051262
164,4,연남동,5172.344790456704,2703.288461751053,2469.0563287056507,0.47735725840651855
165,4,염리동,4737.24229371115,2457.307473775759,2279.9348199353913,0.48127891262012973
166,4,영등포동,16918.839619785187,7887.195467519468,9031.644152265719,0.5338217250847367
167,4,영등포본동,7523.681240387203,3662.74704947915,3860.9341909080526,0.513170889030029
168,4,용강동,8917.118018782348,4557.703063272512,4359.414955509837,0.48888160348752724
169,4,합정동,8847.646519911592,4585.759371676095,4261.887148235497,0.4816972670239637
170,5,공덕동,15587.348417183446,8188.595775168903,7398.752642014543,0.47466396746852596
171,5,당산1동,9994.066325222913,4921.048905198873,5073.01742002404,0.5076029370768548
172,5,당산2동,13492.45099719764,6785.460631127243,6706.9903660703985,0.4970920678135818
173,5,대림1동,6773.726014605075,3423.5374291261546,3350.1885854789202,0.49458578310599777
174,5,대림2동,6232.418699583903,3163.7292342657033,3068.6894653181994,0.49237537033945994
175,5,대림3동,9098.347685488818,4564.2850089387675,4534.062676550051,0.4983391307172775
176,5,대흥동,10305.84356424884,5122.975404038579,5182.8681602102615,0.5029057668010531
177,5,도림동,7229.124211744058,3619.1777571497914,3609.946454594266,0.4993615199929385
178,5,도화동,9766.145402122798,5180.320329916014,4585.825072206784,0.4695634647432134
179,5,망원1동,10913.125852768833,5771.818359976568,5141.307492792266,0.4711122699540604
180,5,망원2동,8138.171984822168,4237.728535160217,3900.4434496619515,0.47927758923457825
181,5,문래동,15096.877703205164,7548.117263984005,7548.760439221159,0.5000213015979131
182,5,상암동,15358.864653595809,7708.901505888226,7649.963147707583,0.49808129183016
183,5,서강동,11371.67223559561,5730.655234916659,5641.017000678951,0.49605870480697106
184,5,서교동,20731.181731636945,10026.966670177137,10704.215061459809,0.5163340517692041
185,5,성산1동,7903.151936328031,4167.44768131086,3735.7042550171705,0.47268536466386807
186,5,성산2동,16169.121033698164,8497.929693231014,7671.19134046715,0.474434653836753
187,5,신길1동,7076.132897027948,3478.644214026891,3597.4886830010573,0.5083975577270519
188,5,신길3동,6282.998685121593,3167.3028350851296,3115.6958500364626,0.49589312463403223
189,5,신길4동,3383.38098923545,1688.7966600149393,1694.5843292205109,0.5008553085248137
190,5,신길5동,3770.7145673638684,1902.0121180927179,1868.7024492711505,0.4955831092188908
191,5,신길6동,8230.703389594433,4207.873559691456,4022.8298299029775,0.48875893583879976
192,5,신길7동,7180.242953052491,3559.333306601581,3620.9096464509107,0.5042879008587831
193,5,신수동,6356.723444833116,3199.960997758421,3156.7624470746955,0.4966021370082697
194,5,아현동,10067.08927658372,5292.519853932504,4774.569422651215,0.4742750651627748
195,5,양평1동,7299.011067941535,3589.6325176791274,3709.3785502624073,0.5082028943009297
196,5,양평2동,11090.901458088141,5343.69025721617,5747.211200871971,0.5181915304712013
197,5,여의동,21578.56277510252,10464.910426909026,11113.652348193495,0.5150320929166096
198,5,연남동,5135.306040849509,2689.0040650616806,2446.3019757878283,0.4763692672507495
199,5,염리동,4729.821092345726,2452.599276468298,2277.221815877428,0.48146045514547225
200,5,영등포동,17333.311743573347,7920.864605167729,9412.44713840562,0.543026472820202
201,5,영등포본동,7557.098241200098,3643.591035759119,3913.507205440978,0.5178584531434511
202,5,용강동,8930.929400552199,4554.438955491393,4376.4904450608055,0.49003751443721044
203,5,합정동,8939.491032574673,4599.6508046802,4339.840227894473,0.48546837980825747
204,6,공덕동,15583.38970733673,8186.756783153862,7396.632924182868,0.4746485240435526
205,6,당산1동,10291.557309912918,5002.950166817225,5288.607143095694,0.5138782191886219
206,6,당산2동,14222.41470945913,7017.711277280259,7204.703432178871,0.506573853973413
207,6,대림1동,6632.553687960781,3410.352461902769,3222.2012260580123,0.4858160789420911
208,6,대림2동,6258.880386849333,3133.9882275536625,3124.892159295671,0.49927334701290155
209,6,대림3동,9006.20635189312,4524.780122877025,4481.426229016095,0.4975931101194557
210,6,대흥동,10594.045046125804,5220.719735491793,5373.325310634013,0.5072024224211709
211,6,도림동,6972.227952069248,3534.6043146463926,3437.623637422856,0.4930452161138282
212,6,도화동,9774.128926103333,5161.871624297766,4612.257301805566,0.4718842299581107
213,6,망원1동,10855.688740403963,5738.594589669492,5117.094150734471,0.47137443538603646
214,6,망원2동,8022.8166964138245,4191.8755570198455,3830.941139393979,0.47750575444486953
215,6,문래동,15642.361148301845,7685.304415323538,7957.056732978307,0.5086864225636508
216,6,상암동,16093.473656204813,7952.464239568376,8141.009416636436,0.5058578148228231
217,6,서강동,11309.988246216439,5721.849312818404,5588.138933398034,0.49408883649967095
218,6,서교동,21855.35346879196,10431.41432390241,11423.939144889548,0.5227066751037542
219,6,성산1동,7844.545729674488,4135.795422626747,3708.7503070477414,0.4727807619271329
220,6,성산2동,16112.109704548875,8549.736366199404,7562.373338349472,0.4693595982787042
221,6,신길1동,7082.176075651731,3452.140088728952,3630.035986922778,0.5125594094451722
222,6,신길3동,6083.182724756931,3095.4002417473293,2987.782483009602,0.49115448576780774
223,6,신길4동,3272.456390106987,1635.724125613059,1636.7322644939277,0.5001540339672541
224,6,신길5동,3711.1813390089583,1883.3255876915882,1827.8557513173703,0.4925266604745013
225,6,신길6동,8243.757934434167,4214.728633135863,4029.0293012983043,0.4887369732763566
226,6,신길7동,7039.23780026289,3527.670625036391,3511.5671752265,0.49885616523643445
227,6,신수동,6264.244792090032,3164.1428304176798,3100.1019616723524,0.4948883807329662
228,6,아현동,10152.825167011735,5287.807113981178,4865.018053030556,0.47917874808263533
229,6,양평1동,7356.10288130851,3557.2306670521293,3798.8722142563806,0.5164245627816224
230,6,양평2동,11732.10601652927,5469.130288591161,6262.975727938109,0.533832179756495
231,6,여의동,26134.48362183558,11782.463096175574,14352.020525660007,0.5491602869730616
232,6,연남동,5097.455887618589,2660.353481966346,2437.1024056522433,0.4781017157150525
233,6,염리동,4687.287421721419,2444.0287008191394,2243.25872090228,0.47858356423947157
234,6,영등포동,18115.147310526536,8166.223644113799,9948.923666412737,0.5492046791488974
235,6,영등포본동,7584.210519783625,3620.902593774589,3963.3079260090362,0.522573564601172
236,6,용강동,9027.364631045239,4546.747973367757,4480.616657677482,0.49633717489028595
237,6,합정동,9265.31680785447,4649.280776974555,4616.036030879915,0.4982059574009139
238,7,공덕동,15130.33670663985,7904.714363269797,7225.622343370052,0.4775585952557906
239,7,당산1동,11553.06956549887,5668.851560379357,5884.218005119515,0.5093207456044111
240,7,당산2동,16243.0043611244,8024.958486999794,8218.045874124606,0.5059437091449333
241,7,대림1동,6281.377009069711,3275.459981970215,3005.9170270994964,0.47854427823059154
242,7,대림2동,6620.033692275395,3323.06741385484,3296.9662784205548,0.4980286251817161
243,7,대림3동,9597.81015091633,4827.823209963661,4769.986940952669,0.49698700703068865
244,7,대흥동,11377.35147891406,5588.717973542619,5788.633505371441,0.5087856796988003
245,7,도림동,6571.136647546106,3338.453739008819,3232.6829085372874,0.49195186189659973
246,7,도화동,9773.183092404846,5110.404825505784,4662.778266899062,0.4770992442086452
247,7,망원1동,10286.11046772779,5453.174122645044,4832.936345082748,0.4698507137606453
248,7,망원2동,7332.606126468801,3848.899954065262,3483.7061724035398,0.4750979545769227
249,7,문래동,16688.114300958194,8069.420071775633,8618.69422918256,0.5164570468388806
250,7,상암동,18945.105703488418,9126.758231225574,9818.347472262843,0.5182524513682161
251,7,서강동,11220.174304048192,5680.593351513844,5539.580952534349,0.49371612262170395
252,7,서교동,25247.69172843613,12161.727530746797,13085.964197689333,0.5183033894124582
253,7,성산1동,7654.300156088612,4091.5105007320544,3562.789655356558,0.46546249594386985
254,7,성산2동,15511.408944465391,8269.32689619486,7242.082048270532,0.4668874422819322
255,7,신길1동,7800.203676265626,3827.355227156365,3972.848449109261,0.5093262450566259
256,7,신길3동,5757.918683556988,2924.809790341978,2833.10889321501,0.4920369753233195
257,7,신길4동,2985.9390692606157,1507.1282032632603,1478.8108659973554,0.4952582191717467
258,7,신길5동,3604.5954180939107,1850.9586473703612,1753.6367707235493,0.4865003051163124
259,7,신길6동,8120.817658595724,4224.324223185367,3896.4934354103575,0.47981540766230557
260,7,신길7동,6869.255384861826,3428.4410402508947,3440.8143446109316,0.5009006292288466
261,7,신수동,5990.929317215687,3005.4050264746147,2985.524290741072,0.49834076362106183
262,7,아현동,10281.005581990805,5447.013268937039,4833.992313053766,0.470186721960491
263,7,양평1동,7732.254961614111,3641.017612440018,4091.2373491740927,0.5291130943669821
264,7,양평2동,13102.275128354157,5882.281455218007,7219.9936731361495,0.5510488523868365
265,7,여의동,44358.77806042297,18101.569252857364,26257.208807565607,0.5919281358877729
266,7,연남동,5085.077869020429,2655.7870547689367,2429.290814251492,0.4777293242747258
267,7,염리동,4936.468463814965,2661.5637420573353,2274.9047217576294,0.4608364741784564
268,7,영등포동,20920.33269661943,9408.673765768626,11511.658930850805,0.5502617524199797
269,7,영등포본동,8211.219803974502,4014.1188406529895,4197.100963321512,0.5111422009784681
270,7,용강동,9160.993934977208,4593.2055969865905,4567.788337990618,0.4986127455614326
271,7,합정동,10106.086199487503,5079.3629328171555,5026.723266670348,0.49739564530186386
272,8,공덕동,14857.823896674669,7890.408341422354,6967.415555252314,0.468939166576856
273,8,당산1동,13271.581588963843,6771.37679542097,6500.2047935428745,0.4897837345134663
274,8,당산2동,16668.451097477664,8427.102146625679,8241.348950851983,0.4944280006976231
275,8,대림1동,5992.567730981134,3194.9084388705,2797.659292110634,0.4668548471545747
276,8,대림2동,5929.621559041547,3037.8738471093016,2891.747711932245,0.4876782916310871
277,8,대림3동,9113.591524510062,4554.8264551137445,4558.765069396317,0.5002160846397372
278,8,대흥동,12377.97060421234,6090.879929966625,6287.090674245714,0.5079258042595575
279,8,도림동,5592.113619031214,2860.899875954719,2731.213743076495,0.48840455132770616
280,8,도화동,10534.534601509939,5622.589062578654,4911.945538931285,0.46627076797747147
281,8,망원1동,9024.580807191607,4829.270607153426,4195.310200038181,0.4648759083297228
282,8,망원2동,6440.256768974226,3422.220184124913,3018.0365848493134,0.46862053689980626
283,8,문래동,19345.27147049309,9244.143234148147,10101.128236344943,0.5221497279969406
284,8,상암동,23027.4024393029,10926.400453956829,12101.00198534607,0.5255044296569127
285,8,서강동,11011.855913786882,5614.813254483941,5397.042659302941,0.4901119939778566
286,8,서교동,30480.67049066153,15396.547321372516,15084.123169289014,0.49487504462575355
287,8,성산1동,7566.003842541182,4028.8875798130994,3537.1162627280823,0.46750125116776
288,8,성산2동,14456.957657487104,7695.939504162101,6761.018153325003,0.4676653493429542
289,8,신길1동,6235.049409066355,3089.3267540506085,3145.7226550157466,0.5045224903016111
290,8,신길3동,5229.411783081559,2697.0976139246463,2532.3141691569135,0.4842445525803832
291,8,신길4동,2624.077663933317,1334.893185888322,1289.184478044995,0.49129051924194717
292,8,신길5동,3454.572121039524,1766.8242286063903,1687.7478924331335,0.4885548291651439
293,8,신길6동,7588.319671446494,3957.059824646249,3631.2598468002448,0.47853279830369216
294,8,신길7동,6214.158411367357,3164.5232600342833,3049.6351513330737,0.4907559398155148
295,8,신수동,5780.666218562044,2864.858015702966,2915.808202859079,0.5044069476795348
296,8,아현동,10389.35973844212,5662.583264908127,4726.776473533993,0.4549632116447218
297,8,양평1동,8851.624897540363,4029.6061111201966,4822.018786420167,0.5447608594169056
298,8,양평2동,14544.035638416706,6767.3678937441055,7776.667744672601,0.5346980671672216
299,8,여의동,64586.44944360641,26620.63792089952,37965.81152270689,0.5878293643600381
300,8,연남동,4843.075477337941,2477.0989245742026,2365.9765527637387,0.4885277059659265
301,8,염리동,5216.298010385912,2867.802007357042,2348.4960030288703,0.4502227438602811
302,8,영등포동,22946.881968060952,10787.230821803883,12159.651146257069,0.529904287788716
303,8,영등포본동,7896.848292445822,3886.487254824047,4010.3610376217753,0.5078432418991907
304,8,용강동,10313.754741680634,5193.278260531408,5120.476481149227,0.49647064618048514
305,8,합정동,10296.50135910997,5443.269936346786,4853.231422763184,0.47134762124507673
306,9,공덕동,14669.436699005317,7768.340972190706,6901.095726814609,0.4704404039783306
307,9,당산1동,13838.059254116808,7165.416654296391,6672.642599820416,0.4821949723791876
308,9,당산2동,16724.527559078153,8551.806306254326,8172.721252823828,0.48866679336407537
309,9,대림1동,5980.787677677149,3242.7103526583296,2738.0773250188195,0.45781215996656965
310,9,대림2동,5480.8538550111,2755.7597090431213,2725.0941459679784,0.4972024830540678
311,9,대림3동,8910.359524761236,4368.336634571488,4542.022890189749,0.50974631018735
312,9,대흥동,12963.46849296947,6367.042509527861,6596.42598344161,0.5088473032521409
313,9,도림동,5098.132117157478,2590.60055307751,2507.5315640799677,0.4918529976186789
314,9,도화동,10555.140584238117,5686.633226074802,4868.507358163315,0.4612451458423403
315,9,망원1동,8939.371588831033,4772.220091075089,4167.151497755944,0.4661570957585472
316,9,망원2동,6197.019996678169,3210.2035633059936,2986.8164333721757,0.48197624583642124
317,9,문래동,20239.257376929956,9619.982768679854,10619.2746082501,0.5246869690166919
318,9,상암동,24102.295150752296,11432.898669920949,12669.396480831345,0.5256510386910559
319,9,서강동,11789.740953081899,5980.231251308824,5809.509701773076,0.49275974127781325
320,9,서교동,35063.948397750166,17760.385951962187,17303.562445787975,0.49348585189277305
321,9,성산1동,7420.413914752172,3940.4898777763847,3479.924036975787,0.4689662971572941
322,9,성산2동,13996.880228990773,7462.33559843513,6534.5446305556425,0.46685722272746827
323,9,신길1동,5848.537749861836,2815.8931971167685,3032.6445527450683,0.5185303886970226
324,9,신길3동,4988.427151553469,2552.032239030584,2436.394912522885,0.48840944019081367
325,9,신길4동,2479.5971924842015,1251.126048055212,1228.4711444289894,0.4954317371194622
326,9,신길5동,3316.487411009162,1691.5490106998336,1624.9384003093282,0.4899576566807717
327,9,신길6동,7258.466016037176,3835.338419557713,3423.1275964794627,0.4716048251677769
328,9,신길7동,5897.065287464413,2980.6273981525824,2916.4378893118305,0.494557503969203
329,9,신수동,5488.036157929308,2725.86969005713,2762.166467872178,0.5033069003893684
330,9,아현동,10312.378983313542,5647.181067937268,4665.197915376274,0.4523881369105063
331,9,양평1동,9578.31517881141,4481.456565766875,5096.858613044535,0.5321247544995709
332,9,양평2동,15096.37366030351,6962.514231451218,8133.859428852294,0.5387955817654797
333,9,여의동,72099.25433211468,30594.30096453864,41504.95336757603,0.575664114033545
334,9,연남동,4846.145595599852,2473.6312718372983,2372.514323762554,0.489567281246507
335,9,염리동,5220.70097366093,2857.543779147087,2363.1571945138426,0.45265132142910647
336,9,영등포동,24652.005361755815,11796.010210649658,12855.995151106155,0.5214989597175108
337,9,영등포본동,7521.965502101144,3762.0860544759776,3759.879447625167,0.4998533224560659
338,9,용강동,10382.483597499573,5334.954410955119,5047.529186544453,0.48615816621757596
339,9,합정동,10450.114843794485,5483.896342737358,4966.218501057127,0.475230997485753
340,10,공덕동,14453.705606312515,7706.655925550758,6747.0496807617565,0.4668041445243667
341,10,당산1동,13988.228590255789,7117.308015625798,6870.9205746299895,0.49119304351490783
342,10,당산2동,16222.043163427239,8213.103676790064,8008.939486637175,0.493707198652597
343,10,대림1동,5903.109002607996,3217.6818831051846,2685.4271195028123,0.45491742034856364
344,10,대림2동,5297.077414561438,2661.6275816463817,2635.449832915056,0.4975290384977795
345,10,대림3동,8616.235137840857,4204.191815493563,4412.043322347293,0.5120616199261372
346,10,대흥동,13746.59362731182,6625.310509012249,7121.283118299572,0.5180398367309674
347,10,도림동,5017.782103540752,2547.5240370008632,2470.258066539889,0.49230078460297705
348,10,도화동,10449.105691007393,5630.917171553658,4818.188519453736,0.46111013343470325
349,10,망원1동,9269.87115362819,5008.271215235485,4261.599938392705,0.45972590856613277
350,10,망원2동,6103.408511809479,3162.543118660992,2940.8653931484864,0.4818398420256827
351,10,문래동,20486.308824355314,9685.425201791679,10800.883622563633,0.5272244851509275
352,10,상암동,23905.2834389845,11401.242899224657,12504.040539759842,0.5230659812787819
353,10,서강동,12234.109100705024,6188.323942904617,6045.785157800406,0.4941745335140097
354,10,서교동,38311.524919144926,19577.07998173801,18734.444937406915,0.48900285167310037
355,10,성산1동,7330.190577130944,3825.4905355924493,3504.7000415384946,0.4781185433940305
356,10,성산2동,13773.294145904272,7359.073812203732,6414.22033370054,0.46569980033483277
357,10,신길1동,5697.9851248208415,2768.0094818084513,2929.97564301239,0.5142125819615079
358,10,신길3동,4943.513988624669,2565.1945064141382,2378.31948221053,0.481098968807045
359,10,신길4동,2458.912106217884,1227.7771406004733,1231.1349656174102,0.5006827867105225
360,10,신길5동,3265.8930234855798,1651.670714426353,1614.2223090592267,0.4942667434147676
361,10,신길6동,6971.742213294634,3700.0939724655773,3271.6482408290562,0.4692726926406211
362,10,신길7동,5673.012823009853,2884.1660980149004,2788.846724994952,0.49159887558923443
363,10,신수동,5327.639802498787,2613.2437186049133,2714.3960838938738,0.5094931685548184
364,10,아현동,10114.872586200254,5574.925959107198,4539.946627093056,0.4488387360693912
365,10,양평1동,9986.685888680435,4694.564864246525,5292.12102443391,0.5299176406892248
366,10,양평2동,15132.084699072031,6965.871758578724,8166.212940493307,0.5396621220996798
367,10,여의동,74143.21462128048,31738.42918672418,42404.7854345563,0.5719307646850443
368,10,연남동,4910.624876099811,2510.536374082446,2400.088502017366,0.48875419372770323
369,10,염리동,5131.00663437183,2787.4662802708813,2343.540354100948,0.4567408543972501
370,10,영등포동,26596.083144857046,13116.885394170262,13479.197750686782,0.5068113856191373
371,10,영등포본동,7685.753865750712,3870.2821282285777,3815.471737522135,0.49643428662537004
372,10,용강동,10421.662039248971,5349.416911990806,5072.245127258167,0.48670213140242014
373,10,합정동,10852.71356483878,5590.056453486147,5262.6571113526325,0.48491624513180553
374,11,공덕동,14585.685457007032,7733.580539454864,6852.104917552167,0.46978285235544986
375,11,당산1동,14227.61687098601,7188.644368568351,7038.972502417659,0.49474009359726595
376,11,당산2동,16058.971088907201,8070.225247355303,7988.7458415518995,0.4974631187343103
377,11,대림1동,5824.489208717912,3141.6832171159135,2682.8059916019993,0.46060794268215993
378,11,대림2동,5425.021470021012,2736.12680366741,2688.8946663536017,0.495646824849006
379,11,대림3동,8957.219725396717,4307.657138350062,4649.562587046655,0.5190854673201315
380,11,대흥동,14019.609759506178,6811.961243642685,7207.648515863493,0.5141119217656007
381,11,도림동,4953.500530651838,2485.4693596717434,2468.0311709800944,0.4982398115652009
382,11,도화동,10914.485512469419,5803.597521020697,5110.887991448721,0.4682665056094224
383,11,망원1동,9502.736602758881,5134.651525052315,4368.085077706566,0.45966601625456
384,11,망원2동,6147.623893422957,3168.677772639831,2978.9461207831264,0.48456870043239886
385,11,문래동,20539.517586505215,9769.480910597395,10770.036675907822,0.5243568467734562
386,11,상암동,23893.115868076242,11518.042873763048,12375.072994313194,0.5179346663131372
387,11,서강동,12424.770834229688,6274.440788344,6150.330045885688,0.49500551180725233
388,11,서교동,41465.258886173106,21265.60542086116,20199.65346531194,0.48714644519071515
389,11,성산1동,7145.609631262896,3687.6009750747708,3458.0086561881258,0.4839347284042672
390,11,성산2동,13556.865657815291,7324.702169344129,6232.163488471163,0.4597053364527834
391,11,신길1동,5737.428644123888,2782.001040659827,2955.427603464061,0.5151136139167372
392,11,신길3동,4920.6782557918905,2509.5501125134692,2411.1281432784212,0.48999914604056866
393,11,신길4동,2420.9867862381216,1195.46055305571,1225.5262331824117,0.5062093854244905
394,11,신길5동,3214.9054522522865,1609.2465710368913,1605.6588812153955,0.4994420224988293
395,11,신길6동,6968.036950158347,3674.1058193453305,3293.931130813017,0.47272010099460837
396,11,신길7동,5485.649545271763,2827.415172080228,2658.234373191535,0.4845796931163316
397,11,신수동,5223.517044302334,2544.5500547767833,2678.9669895255515,0.512866516334563
398,11,아현동,9964.84638160498,5521.815485450768,4443.030896154212,0.4458704857062331
399,11,양평1동,9911.311948552353,4667.92079239943,5243.391156152922,0.5290309883666584
400,11,양평2동,15123.186366127673,6929.933922166817,8193.252443960855,0.5417676041017245
401,11,여의동,74015.73759555208,31182.60851923219,42833.1290763199,0.5787029957111975
402,11,연남동,5147.874751198615,2632.305599261075,2515.5691519375405,0.48866168535895776
403,11,염리동,5054.760078696236,2761.6055311437844,2293.1545475524517,0.45366239185459434
404,11,영등포동,28791.540090009898,14464.18166750688,14327.358422503017,0.4976238984685064
405,11,영등포본동,7801.3407922588885,4005.5893869180563,3795.751405340832,0.4865511591427052
406,11,용강동,10946.613821015762,5615.934681845218,5330.679139170545,0.4869706035428496
407,11,합정동,11003.715980417757,5666.480755956692,5337.2352244610665,0.4850393479765585
408,12,공덕동,14460.573139572154,7662.709733467098,6797.863406105056,0.47009640216142806
409,12,당산1동,14093.17479854581,7107.68560866247,6985.48918988334,0.4956646951263339
410,12,당산2동,16269.299939005385,8157.588068817353,8111.711870188031,0.49859009918062497
411,12,대림1동,5651.76129030605,3049.841101841252,2601.920188464798,0.4603733340485618
412,12,대림2동,5566.059388926988,2822.131161919059,2743.928227007929,0.49297501792141263
413,12,대림3동,8986.50431182844,4288.192434878191,4698.311876950248,0.522818630461916
414,12,대흥동,13802.67307930434,6746.120247423197,7056.552831881144,0.5112453791622221
415,12,도림동,4941.324974779635,2458.8671079415253,2482.45786683811,0.502387088383884
416,12,도화동,10731.034191605591,5738.260418378751,4992.7737732268415,0.46526492079695964
417,12,망원1동,9715.143384040653,5254.192401049766,4460.950982990888,0.4591750020199415
418,12,망원2동,6285.502939518119,3267.110972860256,3018.391966657863,0.4802148683569416
419,12,문래동,20401.212468711914,9720.607690453344,10680.604778258568,0.5235279420102484
420,12,상암동,24184.137767814213,11644.118164657506,12540.019603156707,0.5185225011348455
421,12,서강동,12398.514447592954,6217.971584026674,6180.54286356628,0.4984905965703149
422,12,서교동,43891.28770240722,22878.46900844422,21012.818693963003,0.4787469175302996
423,12,성산1동,7131.585743954268,3704.8229182764458,3426.762825677822,0.4805050305372584
424,12,성산2동,13429.104073052447,7178.004679056149,6251.099393996298,0.4654889380550774
425,12,신길1동,5552.080380821801,2703.7799021452397,2848.300478676561,0.5130149931753987
426,12,신길3동,4876.488244768487,2489.0965461115798,2387.3916986569075,0.48957191708974374
427,12,신길4동,2385.7135417951704,1195.4357764001238,1190.2777653950466,0.4989189793923884
428,12,신길5동,3255.8249770867187,1625.877245341132,1629.9477317455867,0.5006251082956088
429,12,신길6동,6981.5834829092,3631.4938852159194,3350.08959769328,0.4798466717320281
430,12,신길7동,5493.430135520612,2793.6227035971256,2699.807431923486,0.4914611390916735
431,12,신수동,5254.098145372696,2552.552229240802,2701.545916131895,0.5141788069777792
432,12,아현동,10211.919381849086,5592.393180082476,4619.526201766611,0.45236610562921886
433,12,양평1동,9678.983374473457,4594.730034585534,5084.253339887923,0.5252879505193395
434,12,양평2동,14831.556795179273,6786.744416904773,8044.8123782745,0.5424118647402759
435,12,여의동,72448.90368043538,30601.618636861196,41847.28504357418,0.5776110184932297
436,12,연남동,5186.904376813935,2723.353197950885,2463.5511788630506,0.47495596600458073
437,12,염리동,5030.128523227475,2751.118990488244,2279.0095327392314,0.45307182951996494
438,12,영등포동,29185.76672449961,14731.063184825869,14454.70353967374,0.49526550650937423
439,12,영등포본동,8182.368478776232,4235.214247226187,3947.154231550046,0.4823975162922984
440,12,용강동,10909.304558067526,5592.221755211813,5317.082802855713,0.4873897116497389
441,12,합정동,11122.7801699154,5793.477054747698,5329.303115167702,0.47913408642043104
442,13,공덕동,14257.774788362838,7585.232722702824,6672.5420656600145,0.4679932292875132
443,13,당산1동,13953.1976462206,6924.936796631103,7028.260849589497,0.5037025223743742
444,13,당산2동,15764.612277428556,7882.905240954467,7881.707036474088,0.49996199702031063
445,13,대림1동,5641.775012225962,3020.858774399803,2620.9162378261585,0.4645552564833804
446,13,대림2동,5570.950197748469,2846.622099680099,2724.32809806837,0.4890239548666981
447,13,대림3동,8927.454443175666,4287.609311699978,4639.845131475687,0.5197276738860854
448,13,대흥동,13801.173255964904,6719.269529831148,7081.903726133756,0.5131378031989373
449,13,도림동,4983.437978425814,2474.6377994212426,2508.8001790045714,0.5034275915272973
450,13,도화동,10565.985606429984,5635.103081985058,4930.882524444925,0.46667511277359797
451,13,망원1동,9675.433592768199,5257.091923919608,4418.34166884859,0.45665567609817853
452,13,망원2동,6274.00248951627,3286.4580301924216,2987.544459323848,0.4761783987679275
453,13,문래동,20307.04475474707,9695.876369096355,10611.168385650712,0.5225363175097251
454,13,상암동,23878.488387743007,11464.202141484107,12414.2862462589,0.5198941425719075
455,13,서강동,12604.567239296408,6393.910890695463,6210.6563486009445,0.4927306293577776
456,13,서교동,45339.28216785974,23620.008050652217,21719.274117207522,0.479038773414987
457,13,성산1동,7081.269309145907,3652.6431759442703,3428.6261332016365,0.4841824231671784
458,13,성산2동,13613.007475882361,7274.201137715325,6338.806338167037,0.465643345116592
459,13,신길1동,5736.345325354514,2757.370055363419,2978.975269991095,0.5193158886066522
460,13,신길3동,4819.466841494301,2464.164384856938,2355.3024566373624,0.48870601958682397
461,13,신길4동,2426.7488704909533,1231.1545588385252,1195.5943116524281,0.4926732741861949
462,13,신길5동,3181.078665686,1564.7375984462742,1616.341067239726,0.5081110016784706
463,13,신길6동,6857.265727062237,3579.289811605971,3277.975915456266,0.4780295887498885
464,13,신길7동,5383.924407930075,2705.902355834779,2678.022052095296,0.4974107823933767
465,13,신수동,5220.853307070234,2629.4386214546716,2591.414685615563,0.4963584558306192
466,13,아현동,10071.415881879408,5494.850734789622,4576.565147089786,0.4544112963624099
467,13,양평1동,9575.132821135907,4558.764923305212,5016.367897830696,0.523895385216766
468,13,양평2동,14654.116015873476,6674.860299935352,7979.255715938125,0.5445061105900157
469,13,여의동,70334.4581599704,29736.161175089674,40598.296984880726,0.5772177400235738
470,13,연남동,5149.345201301749,2714.2173275496025,2435.127873752146,0.4729004909471885
471,13,염리동,4948.746994241488,2720.445684364527,2228.301309876961,0.450275860226817
472,13,영등포동,29840.55331512868,14967.959689965928,14872.593625162752,0.49840207278001736
473,13,영등포본동,8007.11248310505,4140.61998504605,3866.4924980590004,0.4828822507760784
474,13,용강동,10590.185860648122,5411.9025473379415,5178.28331331018,0.4889700125615424
475,13,합정동,10922.045367193004,5715.5832208929405,5206.462146300064,0.47669296100334174
476,14,공덕동,14087.225632173668,7469.283938741401,6617.941693432268,0.46978318273809855
477,14,당산1동,13765.195310828898,6836.52092838902,6928.674382439879,0.503347335507051
478,14,당산2동,16091.430373171517,7971.483959731646,8119.946413439871,0.5046130906409585
479,14,대림1동,5789.714227336161,3109.5820553220324,2680.1321720141277,0.4629126873585353
480,14,대림2동,5731.165017306519,2891.750062979184,2839.4149543273347,0.4954341649129093
481,14,대림3동,8996.886121233962,4281.314892958954,4715.571228275008,0.5241337018977681
482,14,대흥동,13343.858372077306,6545.132306457388,6798.726065619917,0.5095022650904774
483,14,도림동,5014.391186743007,2501.5913511488,2512.799835594207,0.5011176316354256
484,14,도화동,10157.736468230423,5471.799547406409,4685.936920824014,0.4613170400196797
485,14,망원1동,10157.026753200991,5492.801357363551,4664.22539583744,0.4592116875509369
486,14,망원2동,6478.883491939416,3412.489479647857,3066.394012291559,0.47329050076399076
487,14,문래동,19513.875446806716,9349.6969788155,10164.178467991216,0.520869290966726
488,14,상암동,23327.274082888653,11252.208091091681,12075.065991796972,0.5176372493798769
489,14,서강동,12581.283800356317,6426.936526700637,6154.3472736556805,0.48916687448711565
490,14,서교동,45523.3877285052,23882.92226299966,21640.46546550554,0.47537027768157536
491,14,성산1동,7026.5132622007195,3542.5941618078477,3483.9191003928718,0.4958247384424207
492,14,성산2동,13925.917221490308,7413.278265209341,6512.638956280966,0.46766319608957174
493,14,신길1동,5630.8860540013075,2769.889092753797,2860.9969612475106,0.5080900117334973
494,14,신길3동,4841.985870743155,2471.717634973966,2370.268235769189,0.4895239885128778
495,14,신길4동,2442.332047027258,1236.2299139661734,1206.1021330610845,0.49383216935187835
496,14,신길5동,3126.9960119386697,1564.6660508378461,1562.3299611008238,0.4996264642282716
497,14,신길6동,6923.705829208933,3616.7808728491955,3306.9249563597373,0.4776235498638407
498,14,신길7동,5504.235324488549,2737.142593173052,2767.092731315497,0.5027206447741429
499,14,신수동,5192.854147183694,2595.1836694714116,2597.6704777122823,0.5002394452232226
500,14,아현동,9773.994569969975,5324.795901519499,4449.198668450475,0.4552078105425163
501,14,양평1동,9315.056151306031,4430.181274059641,4884.87487724639,0.5244063801549386
502,14,양평2동,14726.52033084999,6615.632965047789,8110.8873658022,0.5507674035400631
503,14,여의동,66951.82896701554,28272.48433592762,38679.344631087915,0.5777190142205625
504,14,연남동,5076.904404174333,2649.4623782116396,2427.4420259626936,0.4781342788268383
505,14,염리동,4611.955312368181,2538.1052998230857,2073.850012545095,0.4496682799556874
506,14,영등포동,30611.626856404557,15278.874444017161,15332.752412387395,0.5008800245838447
507,14,영등포본동,8238.92501408576,4286.664915163872,3952.2600989218886,0.4797057980458455
508,14,용강동,10185.376410116309,5219.697197980399,4965.679212135909,0.4875302602664643
509,14,합정동,10996.235270896334,5717.79565262036,5278.439618275974,0.48002243388211113
510,15,공덕동,14089.96274989218,7420.615255650254,6669.347494241925,0.47334032123633263
511,15,당산1동,13582.91764826157,6757.529180316914,6825.388467944656,0.502497964332296
512,15,당산2동,16490.977449027792,8028.29430244069,8462.683146587104,0.5131705002171362
513,15,대림1동,5910.75543711149,3133.141350499124,2777.614086612366,0.46992539552097423
514,15,대림2동,6006.587152827024,3031.182298940322,2975.4048538867014,0.49535697696258607
515,15,대림3동,9059.27047624921,4399.619035274765,4659.651440974445,0.5143517298871586
516,15,대흥동,13224.003571118701,6556.4952018525855,6667.508369266116,0.5041974114275038
517,15,도림동,5282.74950443749,2642.2316958880215,2640.517808549468,0.4998377845346335
518,15,도화동,10282.132140566104,5502.281931055578,4779.850209510526,0.4648695566411347
519,15,망원1동,10657.58881067785,5735.744387447599,4921.84442323025,0.46181594267354814
520,15,망원2동,6835.879304607526,3556.2856667560627,3279.5936378514634,0.47976178216618726
521,15,문래동,19291.50358680101,9389.484944343358,9902.018642457653,0.5132839230443647
522,15,상암동,22471.018288944415,10887.776930603231,11583.241358341184,0.5154746976482173
523,15,서강동,12801.671217974203,6437.631684023704,6364.0395339504985,0.49712568191995593
524,15,서교동,47778.230655328756,25007.84830341793,22770.382351910826,0.4765848805950126
525,15,성산1동,6997.689675077712,3568.0836059989947,3429.6060690787176,0.490105481712524
526,15,성산2동,14497.66589980014,7621.885378391288,6875.780521408853,0.4742681041852151
527,15,신길1동,5818.775293311299,2854.2677824420007,2964.5075108692977,0.5094727604066458
528,15,신길3동,5049.140928540974,2563.682199750311,2485.458728790663,0.49225378415192583
529,15,신길4동,2534.758328694633,1259.9557286395263,1274.8026000551065,0.5029286562051117
530,15,신길5동,3135.5966226173214,1591.0243585120038,1544.5722641053173,0.4925927821723585
531,15,신길6동,6972.6273142094215,3601.4782000990735,3371.149114110348,0.48348333593569953
532,15,신길7동,5720.149148794668,2871.6122294513502,2848.536919343318,0.4979829800318324
533,15,신수동,5256.862889013088,2624.6813420083436,2632.1815470047436,0.5007133727048574
534,15,아현동,9871.663017941568,5373.7997054689795,4497.863312472588,0.45563379790191416
535,15,양평1동,8939.957978792812,4338.83741099305,4601.120567799762,0.5146691493085814
536,15,양평2동,14293.829803018556,6418.56743421283,7875.262368805726,0.5509553756644449
537,15,여의동,61980.379350751005,26133.339378183853,35847.03997256715,0.5783610934309779
538,15,연남동,5179.515256221284,2718.0302841696416,2461.484972051643,0.47523462144359424
539,15,염리동,4562.067099143591,2535.2838141431344,2026.7832850004565,0.44426862668918926
540,15,영등포동,31424.5268770635,15624.80721664807,15799.719660415432,0.5027830561212845
541,15,영등포본동,8784.179574482336,4514.912526731771,4269.2670477505635,0.48601773353456945
542,15,용강동,10111.283182460476,5205.537779477961,4905.745402982517,0.48517535454770583
543,15,합정동,11587.536670582125,6020.329543210027,5567.2071273720985,0.48044785407288965
544,16,공덕동,14418.319041797726,7491.565058021465,6926.753983776261,0.4804134215435289
545,16,당산1동,13667.253051900676,6706.068665906946,6961.184385993731,0.5093331015061329
546,16,당산2동,17371.76844236607,8445.319782253568,8926.448660112503,0.5138480109107822
547,16,대림1동,5982.146379674707,3136.2185783153227,2845.927801359384,0.4757369045713886
548,16,대림2동,6375.041112530949,3130.3921475149086,3244.6489650160406,0.5089612612283038
549,16,대림3동,9062.510952087705,4353.3169760099,4709.193976077804,0.5196345693786952
550,16,대흥동,12624.482615266399,6310.663220353999,6313.819394912401,0.5001250021349226
551,16,도림동,5425.116763080598,2688.898116293886,2736.2186467867123,0.5043612453481975
552,16,도화동,10542.638627406757,5564.818845357234,4977.819782049523,0.47216071402742854
553,16,망원1동,11309.495356442887,6082.112309628117,5227.383046814771,0.46221187436420774
554,16,망원2동,7406.73781488874,3796.2280731898945,3610.509741698846,0.48746287933145654
555,16,문래동,18324.318460302195,8952.7616058107,9371.556854491497,0.5114273076400653
556,16,상암동,21466.88200590427,10313.925067945129,11152.956937959143,0.5195424717428281
557,16,서강동,12311.623011571488,6243.2553881913755,6068.3676233801125,0.49289745289281156
558,16,서교동,49043.52841413615,25906.957052221183,23136.57136191497,0.4717558485299797
559,16,성산1동,7097.87681665972,3593.8857536072333,3503.991063052487,0.49366749431719137
560,16,성산2동,15212.229411611132,7989.256268729323,7222.973142881809,0.474813582377918
561,16,신길1동,6527.764298613794,3105.7196594281327,3422.044639185662,0.5242291974163883
562,16,신길3동,5138.247975188571,2607.314030503263,2530.9339446853087,0.49256749711314285
563,16,신길4동,2609.8609037577426,1311.4151143135675,1298.4457894441753,0.49751532258851067
564,16,신길5동,3236.744338676689,1631.2360827707682,1605.5082559059208,0.49602566279989757
565,16,신길6동,7336.019822413911,3746.405589735965,3589.614232677946,0.48931359505198097
566,16,신길7동,5847.083506207387,2952.1622867371693,2894.9212194702172,0.4951051607860411
567,16,신수동,5281.187961276033,2667.664981469778,2613.522979806255,0.49487406980583576
568,16,아현동,9980.205336380744,5342.922874734915,4637.282461645829,0.46464800125319955
569,16,양평1동,8912.504169519401,4354.492092136652,4558.012077382748,0.5114176656400414
570,16,양평2동,14521.514417734885,6576.58899789494,7944.925419839946,0.5471141088519624
571,16,여의동,55123.75424763514,23833.10056490614,31290.653682729,0.5676437338095744
572,16,연남동,5347.403001746624,2795.9616701467958,2551.441331599828,0.47713653352224433
573,16,염리동,4368.175324541931,2344.0904928623286,2024.0848316796032,0.4633707855789554
574,16,영등포동,31060.154269491475,15571.936006044587,15488.218263446888,0.498652328931284
575,16,영등포본동,9094.302453775123,4657.746194401469,4436.556259373652,0.4878390928742424
576,16,용강동,10002.854267187717,5108.776569484577,4894.07769770314,0.48926811957634375
577,16,합정동,11567.917804730265,5975.292957227148,5592.624847503117,0.4834599399743507
578,17,공덕동,14543.037578629253,7508.7011412980455,7034.336437331209,0.48369100329274034
579,17,당산1동,13430.40458962888,6529.918304485393,6900.486285143488,0.5137958606602311
580,17,당산2동,17076.09660204692,8359.930649160664,8716.165952886255,0.5104308177690587
581,17,대림1동,5924.615503821081,3074.2723062197274,2850.3431976013535,0.48110180243140244
582,17,대림2동,6585.697005250724,3226.3826567237575,3359.3143485269666,0.5100924542760792
583,17,대림3동,9306.872335799628,4458.210234358629,4848.662101440998,0.5209765350267278
584,17,대흥동,12395.637293404274,6088.296149453578,6307.3411439506945,0.5088355680838479
585,17,도림동,5788.383158542936,2853.1379458813317,2935.2452126616045,0.5070924180838904
586,17,도화동,10679.004119852889,5501.703743473678,5177.30037637921,0.4848111601300264
587,17,망원1동,11558.841418642212,6184.61189839878,5374.229520243433,0.46494534578317026
588,17,망원2동,7581.120178089981,3901.107075942079,3680.0131021479024,0.4854181197105175
589,17,문래동,17693.670467208976,8672.363085488936,9021.307381720038,0.50986070970627
590,17,상암동,20515.821505880915,9913.927169034941,10601.894336845975,0.5167667467669727
591,17,서강동,12358.869521884571,6299.002719843779,6059.866802040791,0.4903253320467727
592,17,서교동,50875.986226202134,26850.45974262064,24025.5264835815,0.4722370663589786
593,17,성산1동,7253.295924924636,3621.1818820858916,3632.114042838744,0.5007535995267535
594,17,성산2동,15839.273060540098,8275.158668895621,7564.114391644475,0.4775543904529763
595,17,신길1동,6456.920163435914,3109.9882621314705,3346.931901304444,0.5183480384746534
596,17,신길3동,5437.823906805598,2725.4883848394625,2712.3355219661357,0.49879061338701447
597,17,신길4동,2738.8685027879064,1347.1017025518765,1391.76680023603,0.5081539324795419
598,17,신길5동,3375.663209202232,1676.1931292231218,1699.4700799791103,0.5034477596420956
599,17,신길6동,7331.014087938784,3749.809710009679,3581.2043779291043,0.48850054507752416
600,17,신길7동,5974.585267273901,2979.107388536753,2995.477878737148,0.501370010592205
601,17,신수동,5463.555149159447,2738.663653809144,2724.8914953503026,0.49873963398530347
602,17,아현동,9951.44482528824,5227.680840779463,4723.763984508777,0.47468122141469593
603,17,양평1동,8457.4393088186,4137.829897367152,4319.609411451448,0.5107467229409943
604,17,양평2동,13453.016809645578,6062.853163957359,7390.163645688219,0.5493313321655556
605,17,여의동,46220.10673914227,20648.133890408295,25571.97284873397,0.5532651188595789
606,17,연남동,5598.842262423884,2967.7110700331596,2631.131192390724,0.4699420110563428
607,17,염리동,4316.480603852082,2245.4565784181527,2071.0240254339296,0.47979458626217886
608,17,영등포동,30877.848784225607,15453.352837210257,15424.495947015348,0.4995327250548352
609,17,영등포본동,9054.806464765625,4625.417309371085,4429.38915539454,0.489175464172573
610,17,용강동,10097.851338794022,5075.244495249565,5022.606843544456,0.4973936211804344
611,17,합정동,11904.41144698503,6171.028850413153,5733.382596571877,0.48161831621032736
612,18,공덕동,14477.56991542133,7364.9239100827945,7112.646005338536,0.4912872841844979
613,18,당산1동,12055.610719995613,5602.020948805757,6453.589771189857,0.5353183609757602
614,18,당산2동,16865.500165574187,8127.482421307789,8738.017744266397,0.5181001250174848
615,18,대림1동,6164.605838160947,3170.4881479836554,2994.117690177292,0.48569491201573894
616,18,대림2동,6148.128956460854,3056.6412025425393,3091.4877539183144,0.5028339151327621
617,18,대림3동,9165.48250190855,4384.930446803621,4780.5520551049285,0.5215821484694847
618,18,대흥동,12502.01412983096,6133.085164590203,6368.928965240757,0.5094322322068013
619,18,도림동,6143.2141321760655,3058.362318293811,3084.8518138822546,0.5021559964392012
620,18,도화동,10881.259420583081,5437.698302932263,5443.561117650818,0.5002693996389547
621,18,망원1동,12100.203159228582,6495.927970359004,5604.275188869578,0.4631554623605894
622,18,망원2동,7931.783306466943,4049.566297760078,3882.2170087068653,0.4894507147644358
623,18,문래동,16810.18430982247,8304.950955571814,8505.233354250655,0.5059571743827286
624,18,상암동,18900.2712318997,9150.83819029446,9749.433041605238,0.5158356153720289
625,18,서강동,12387.77940186538,6431.562194362365,5956.217207503016,0.480813954969695
626,18,서교동,52260.423381012675,27730.166969681657,24530.256411331015,0.46938495374385697
627,18,성산1동,7134.147351410673,3577.3666783797603,3556.780673030912,0.4985572203421914
628,18,성산2동,15315.281402311455,8050.69843594738,7264.582966364075,0.47433558519320906
629,18,신길1동,6628.044046511477,3222.7535241913743,3405.290522320103,0.5137700501722527
630,18,신길3동,5692.545234252912,2833.207162332511,2859.3380719204015,0.502295186820006
631,18,신길4동,2911.109454993674,1419.1448580297174,1491.9645969639564,0.5125072141841532
632,18,신길5동,3467.9226779199416,1724.0226362283831,1743.9000416915587,0.5028658951351098
633,18,신길6동,7820.870284195724,3927.8451038073713,3893.0251803883525,0.49777390992602305
634,18,신길7동,6211.04352084066,3067.3088859772724,3143.7346348633873,0.5061524080961335
635,18,신수동,5441.861476621249,2724.250926934016,2717.610549687233,0.4993898799817571
636,18,아현동,10066.466145681352,5246.038923911818,4820.427221769535,0.4788599248245188
637,18,양평1동,8088.845488586567,3964.3824094691604,4124.463079117407,0.5098951494297995
638,18,양평2동,12429.025848745809,5637.3940498358315,6791.631798909978,0.5464331542600589
639,18,여의동,37558.75620815731,17565.914071202384,19992.842136954932,0.5323084190049064
640,18,연남동,6062.325237679406,3222.7902377345004,2839.5349999449063,0.4683904093921312
641,18,염리동,4492.784665547624,2315.090896393022,2177.6937691546027,0.48470913503911817
642,18,영등포동,29045.960694469497,14434.626515265267,14611.334179204232,0.5030418629598403
643,18,영등포본동,9284.802734857149,4658.100367884578,4626.7023669725695,0.4983091724289341
644,18,용강동,10357.957043691487,5081.74839859227,5276.208645099217,0.5093869981158776
645,18,합정동,11899.897843695697,6096.933404641556,5802.964439054141,0.48764825675612194
646,19,공덕동,14430.43671851013,7331.47453446021,7098.96218404992,0.4919436828231248
647,19,당산1동,11118.110587622832,5182.648187324263,5935.462400298569,0.5338553123321319
648,19,당산2동,15621.249049076685,7528.472395377044,8092.7766536996405,0.5180620722629075
649,19,대림1동,6376.648654185887,3254.777356264086,3121.871297921801,0.48957869050421654
650,19,대림2동,6209.972252173298,3051.590360509168,3158.3818916641308,0.5085983903645938
651,19,대림3동,9096.666263092322,4394.894861401427,4701.771401690895,0.5168675276971824
652,19,대흥동,11366.499959951485,5580.55979595446,5785.940163997025,0.5090344595419082
653,19,도림동,6455.103017858815,3190.0707823331686,3265.0322355256462,0.5058063715625519
654,19,도화동,10652.923105485688,5321.925343126092,5330.997762359596,0.5004258183009334
655,19,망원1동,12097.779955292728,6411.88262598844,5685.897329304289,0.46999510243337933
656,19,망원2동,7953.9852145096265,4089.792352583953,3864.1928619256732,0.48581846177896193
657,19,문래동,16373.775912674202,8088.562374155366,8285.213538518836,0.5060050646048982
658,19,상암동,17378.1981205874,8664.71067013953,8713.48745044787,0.501403390039919
659,19,서강동,12575.622629823753,6519.054139312271,6056.568490511482,0.4816118190560212
660,19,서교동,52044.03371486944,27214.937850279148,24829.095864590294,0.4770786215499742
661,19,성산1동,7036.986571414624,3579.1216508901853,3457.864920524439,0.4913843284241645
662,19,성산2동,15359.000486652292,8081.561314939218,7277.439171713074,0.47382244554504166
663,19,신길1동,6342.576839021626,3076.687797487093,3265.889041534533,0.5149151716131692
664,19,신길3동,5748.271579070197,2841.195808730935,2907.0757703392624,0.5057304148474996
665,19,신길4동,2993.224185830687,1447.55222043957,1545.6719653911173,0.5163903100569658
666,19,신길5동,3537.9895137883377,1753.9254998924657,1784.0640138958718,0.5042592712451449
667,19,신길6동,7802.906995834052,3959.8209439234784,3843.086051910574,0.49251978191748097
668,19,신길7동,6281.9333167124205,3088.165357849051,3193.76795886337,0.508405262814027
669,19,신수동,5607.284265104562,2776.9982956933522,2830.28596941121,0.5047516472501207
670,19,아현동,9603.160257492156,4955.10193185818,4648.058325633977,0.4840134081910872
671,19,양평1동,7731.803954621124,3832.8006992196774,3899.003255401446,0.5042811843503999
672,19,양평2동,11383.617284338383,5283.80099037071,6099.816293967674,0.5358416522276993
673,19,여의동,33048.894901127394,15789.21248493676,17259.682416190633,0.5222468850418915
674,19,연남동,6487.115103256426,3424.8065447630574,3062.3085584933683,0.4720601545910815
675,19,염리동,4318.891440155769,2217.9734017834353,2100.9180383723333,0.4864484480528086
676,19,영등포동,27361.099250271764,13565.433564803043,13795.665685468723,0.5042072893080748
677,19,영등포본동,9313.826984303767,4662.880791761429,4650.9461925423375,0.49935930744476975
678,19,용강동,10396.29472518379,5104.803144610323,5291.491580573468,0.5089786044402395
679,19,합정동,11730.859870241125,5954.38409588052,5776.475774360604,0.49241708095195835
680,20,공덕동,14512.071719402731,7380.623321602853,7131.448397799878,0.4914149086146733
681,20,당산1동,10704.253914057006,5070.864248063593,5633.3896659934135,0.5262757882261697
682,20,당산2동,14900.29131655943,7243.403482885363,7656.887833674067,0.5138750425076984
683,20,대림1동,6430.763449947845,3314.5950878152485,3116.168362132597,0.48457207085697884
684,20,대림2동,6137.871503604223,3069.579497886067,3068.2920057181564,0.4998951190028046
685,20,대림3동,9167.373224733461,4449.645716660903,4717.727508072558,0.5146215161551606
686,20,대흥동,10866.841034730558,5346.5142927388815,5520.3267419916765,0.5079973770066797
687,20,도림동,6605.4906334763355,3247.568840303582,3357.9217931727535,0.508353123105641
688,20,도화동,10538.701556458935,5292.375992504204,5246.32556395473,0.49781517541308246
689,20,망원1동,11773.04485347441,6180.180420547055,5592.864432927355,0.4750567506142485
690,20,망원2동,8056.25374575063,4130.79515386328,3925.4585918873504,0.48725607655517084
691,20,문래동,16082.036445735132,7961.986248758404,8120.0501969767265,0.5049143013931
692,20,상암동,16614.675327600446,8280.407032691279,8334.268294909169,0.5016208942141775
693,20,서강동,12360.458331004218,6287.930710981541,6072.527620022676,0.49128660583651007
694,20,서교동,49624.905148879305,25662.35258347628,23962.552565403028,0.4828735187203513
695,20,성산1동,7155.303049390925,3652.3800876916434,3502.922961699281,0.48955619874094053
696,20,성산2동,15714.9772705315,8347.178724101144,7367.798546430357,0.4688392747628307
697,20,신길1동,6406.512528922,3117.2278054546664,3289.284723467333,0.5134282823326982
698,20,신길3동,5863.586725516549,2930.830311562636,2932.7564139539136,0.5001642426795613
699,20,신길4동,3028.2554497591746,1483.051613361302,1545.2038363978725,0.5102620508850257
700,20,신길5동,3591.3900643212155,1811.9743789696,1779.4156853516158,0.4954671181583088
701,20,신길6동,7869.197289612419,3993.0743413198707,3876.122948292548,0.4925690392092658
702,20,신길7동,6542.2134413327785,3203.581719720541,3338.631721612238,0.5103214304380892
703,20,신수동,5725.696304387315,2897.1422619930454,2828.554042394269,0.4940104909558143
704,20,아현동,9539.935426717891,4928.415342783358,4611.520083934533,0.48339112139263984
705,20,양평1동,7705.381032817351,3789.7700157636914,3915.6110170536604,0.5081657870489473
706,20,양평2동,11051.546419959313,5209.6411768983135,5841.905243061,0.5286052305322994
707,20,여의동,30448.978636428372,14635.041123053843,15813.93751337453,0.5193585539337318
708,20,연남동,6501.9837524013365,3407.489559008076,3094.4941933932605,0.47593077916418824
709,20,염리동,4322.234540614711,2225.349602375647,2096.884938239063,0.48513909148966333
710,20,영등포동,24879.665885289447,11970.596353379966,12909.069531909481,0.518860244805064
711,20,영등포본동,8551.486595567909,4154.289128359932,4397.197467207978,0.5142026965799106
712,20,용강동,10170.778873492996,4987.215703724898,5183.563169768098,0.5096525285076701
713,20,합정동,11493.901346485352,5835.63542403919,5658.265922446163,0.49228419070922064
714,21,공덕동,14575.89249746294,7428.246683804297,7147.645813658643,0.4903744875247092
715,21,당산1동,10741.40839418592,5119.213999235859,5622.194394950062,0.5234131492470976
716,21,당산2동,14406.691234084497,6990.866411760437,7415.82482232406,0.5147486471271843
717,21,대림1동,6333.5075919809515,3265.7717034156362,3067.735888565315,0.48436602372585286
718,21,대림2동,6123.876653966042,3064.818504784118,3059.058149181924,0.4995296806314295
719,21,대림3동,9292.941374951493,4572.6656208828845,4720.27575406861,0.5079420566228686
720,21,대흥동,10413.692439094822,5120.118341469904,5293.574097624919,0.5083282542272821
721,21,도림동,6756.312747324389,3345.145906742627,3411.1668405817622,0.5048858701712173
722,21,도화동,10168.631249400336,5168.783630370435,4999.8476190299,0.49169327674506347
723,21,망원1동,11469.835979604295,6006.862309350669,5462.973670253626,0.4762904787799848
724,21,망원2동,8080.220746796654,4128.14037695359,3952.0803698430636,0.48910549521927826
725,21,문래동,15571.327155638028,7748.491510289887,7822.835645348142,0.5023872125450571
726,21,상암동,16068.51686885606,7989.054567967779,8079.462300888282,0.5028131946980039
727,21,서강동,12096.993858477563,6077.230840245602,6019.763018231961,0.49762470648964713
728,21,서교동,45565.851345491195,23066.318470212536,22499.53287527866,0.4937805881137129
729,21,성산1동,7181.589215307018,3712.145735456556,3469.4434798504617,0.4831024688039248
730,21,성산2동,15706.646563001566,8348.313912690228,7358.332650311338,0.4684852760133127
731,21,신길1동,6275.722247417427,3070.409660049741,3205.312587367686,0.5107480001503779
732,21,신길3동,5924.729901894975,2960.6086399607284,2964.121261934247,0.5002964373086776
733,21,신길4동,3158.5144150698734,1547.6029674672259,1610.9114476026473,0.5100218760809456
734,21,신길5동,3590.095473143586,1804.6554441784572,1785.4400289651285,0.4973238294974223
735,21,신길6동,7893.6501248610975,3984.0740837662765,3909.576041094821,0.4952811410758615
736,21,신길7동,6503.935284990079,3217.9564195826583,3285.9788654074205,0.5052293298475575
737,21,신수동,5878.100746302688,2973.3448152907877,2904.7559310119004,0.49416572739740555
738,21,아현동,9600.472727316395,4978.7066753818,4621.7660519345945,0.4814102579328413
739,21,양평1동,7205.27766355554,3576.7570103127287,3628.5206532428115,0.5035920644107794
740,21,양평2동,10941.948932848307,5185.245540998042,5756.703391850264,0.526113165687361
741,21,여의동,27051.46879999931,12864.91024699611,14186.5585530032,0.5244284019433193
742,21,연남동,6080.83652769427,3178.4073668211963,2902.429160873074,0.47730754603489006
743,21,염리동,4396.422603338295,2279.258983784029,2117.163619554266,0.4815650838358123
744,21,영등포동,22232.73225772669,10390.23071606791,11842.501541658778,0.5326606466707696
745,21,영등포본동,8540.14039619634,4097.693844969896,4442.446551226445,0.5201842528496428
746,21,용강동,9661.042559132784,4789.452419854516,4871.590139278267,0.5042509759646024
747,21,합정동,11000.648147640466,5571.03073326555,5429.617414374915,0.4935725005930233
748,22,공덕동,14606.126608545337,7501.055985985301,7105.070622560036,0.48644454570202095
749,22,당산1동,10089.081432593079,4822.317299623176,5266.764132969903,0.5220261297480923
750,22,당산2동,14091.60669134719,6867.305508016355,7224.301183330835,0.5126669613740245
751,22,대림1동,6446.749807283113,3298.699314503114,3148.05049278,0.48831590908391387
752,22,대림2동,6377.590921710022,3187.0063597606304,3190.5845619493907,0.5002805292964605
753,22,대림3동,9303.476370301158,4613.2491964351475,4690.22717386601,0.5041370544926945
754,22,대흥동,9576.335729668663,4746.897340682102,4829.438388986561,0.5043096363073789
755,22,도림동,7066.257545978366,3512.7444559421956,3553.5130900361705,0.5028847401774351
756,22,도화동,10302.90921603451,5290.712847157746,5012.196368876763,0.48648360028992943
757,22,망원1동,11410.414458728917,5939.223501121447,5471.19095760747,0.47949099284662994
758,22,망원2동,8146.095528516837,4200.250908691852,3945.844619824985,0.4843847713314757
759,22,문래동,15222.752169099316,7604.892854487849,7617.859314611468,0.5004258907975241
760,22,상암동,15918.70212368236,7945.714560908516,7972.987562773843,0.5008566339659296
761,22,서강동,11905.775596347012,5936.582566945063,5969.193029401949,0.5013695228081946
762,22,서교동,38001.770137315325,18184.840057374386,19816.93007994094,0.5214738684101974
763,22,성산1동,7343.540760269747,3839.1045439813606,3504.4362162883867,0.47721342206585093
764,22,성산2동,15584.88095902537,8260.536042454,7324.344916571371,0.46996476494289585
765,22,신길1동,6451.827615927306,3173.503239664403,3278.3243762629036,0.5081233677368978
766,22,신길3동,6102.740036142959,3060.5108620389015,3042.229174104057,0.49850217379188916
767,22,신길4동,3292.716456390837,1642.7524986646772,1649.9639577261596,0.5010950622619639
768,22,신길5동,3694.8265602799643,1866.2753007313288,1828.5512595486355,0.4948950186744578
769,22,신길6동,7864.879309838534,3950.2606763380577,3914.6186335004763,0.4977341010946605
770,22,신길7동,6700.469465764535,3302.1526626644586,3398.3168031000764,0.5071759255770778
771,22,신수동,5954.461501263537,3034.6623113633555,2919.799189900181,0.4903548690810411
772,22,아현동,9564.420442344297,4958.650134548417,4605.770307795881,0.4815524720562137
773,22,양평1동,6692.738657955091,3308.6056988369837,3384.1329591181075,0.5056424779257853
774,22,양평2동,10786.392706363604,5090.780873278755,5695.611833084849,0.528036757805474
775,22,여의동,23756.347373729786,11231.81477909574,12524.532594634047,0.5272078403973799
776,22,연남동,5737.3482806767515,2953.865379786617,2783.4829008901343,0.48515146104426615
777,22,염리동,4372.113128251769,2290.419418850793,2081.6937094009763,0.4761298823558487
778,22,영등포동,19874.16716874198,8955.415706812119,10918.751461929864,0.5493941642547335
779,22,영등포본동,8131.404859040758,3898.781392161758,4232.623466879,0.5205279456935455
780,22,용강동,9430.371745615446,4689.756344173967,4740.61540144148,0.5026965563309399
781,22,합정동,10419.194992692675,5177.774937365251,5241.420055327423,0.5030542243429942
782,23,공덕동,14787.487699948299,7645.412499553254,7142.075200395045,0.48298097319262795
783,23,당산1동,10041.99215099136,4807.755030525445,5234.237120465915,0.5212349344396952
784,23,당산2동,13099.853538998692,6430.942903583389,6668.910635415303,0.5090828394044054
785,23,대림1동,6491.58762271876,3308.2909182477897,3183.296704470971,0.4903726005839178
786,23,대림2동,6204.677551505217,3113.268935171696,3091.408616333521,0.49823840008955245
787,23,대림3동,9296.434491995793,4622.61452469071,4673.819967305083,0.502754036650205
788,23,대흥동,9177.618574693499,4556.691245605272,4620.9273290882265,0.503499605205869
789,23,도림동,7014.430666202341,3492.2467536369695,3522.1839125653714,0.5021339692665756
790,23,도화동,9958.408191690884,5062.209735373093,4896.198456317791,0.4916647683113744
791,23,망원1동,11154.123946878597,5714.503760251861,5439.620186626735,0.4876779397945433
792,23,망원2동,8109.291236288944,4174.2233686252475,3935.0678676636962,0.4852542291309421
793,23,문래동,14545.80389196124,7211.816267659126,7333.987624302114,0.5041995395218585
794,23,상암동,15153.561644966841,7525.233286884461,7628.32835808238,0.5034016778897706
795,23,서강동,11635.54638003366,5735.546930121295,5899.999449912365,0.5070668155331866
796,23,서교동,32804.638221325775,15021.009493396647,17783.62872792913,0.5421071437504308
797,23,성산1동,7519.578173218646,3932.9483736498714,3586.629799568775,0.4769722073430577
798,23,성산2동,15608.743857369273,8259.159992722742,7349.583864646531,0.4708632502273148
799,23,신길1동,6571.825824474143,3256.7296511806,3315.096173293543,0.5044406625853944
800,23,신길3동,6241.209944035832,3156.86824253668,3084.3417014991524,0.49418970506617593
801,23,신길4동,3388.2957637379195,1699.5080468077936,1688.7877169301257,0.49841803510891836
802,23,신길5동,3791.039041658396,1896.7463972008427,1894.2926444575533,0.4996763746407877
803,23,신길6동,7989.976297468555,3994.63502537993,3995.341272088625,0.5000441957949812
804,23,신길7동,6714.0873855913815,3320.4702446506517,3393.6171409407298,0.5054472702013868
805,23,신수동,5995.557857982061,3031.270746081345,2964.287111900716,0.49441389477282316
806,23,아현동,9528.461179093581,4959.964509992678,4568.496669100904,0.47945797156886705
807,23,양평1동,6555.236903540104,3240.693357783666,3314.543545756438,0.5056329152599267
808,23,양평2동,10485.74277077118,5010.476049523395,5475.2667212477845,0.5221629827225966
809,23,여의동,21740.9964682735,10178.717787475107,11562.278680798396,0.5318191692672024
810,23,연남동,5393.919866089356,2750.367507796688,2643.5523582926676,0.49009855984554485
811,23,염리동,4328.061171999268,2266.073173403238,2061.9879985960297,0.4764230256116118
812,23,영등포동,18566.384547941794,8333.434325007489,10232.950222934303,0.5511547063194214
813,23,영등포본동,7624.564153129362,3675.3592262286966,3949.204926900666,0.5179581216166681
814,23,용강동,8979.441115214362,4466.298791479848,4513.142323734514,0.5026083768273337
815,23,합정동,9739.921873840476,4827.60139627213,4912.320477568346,0.5043490636985372
