index,hour,dong,성별,인구
0,0,공덕동,female,34.29736811033035
1,0,공덕동,male,136.01857704556642
2,0,당산1동,female,114.54084665240862
3,0,당산1동,male,289.71726427237627
4,0,당산2동,female,203.3036448639541
5,0,당산2동,male,462.07751575837665
6,0,대림1동,female,-7.363765228408738
7,0,대림1동,male,-43.9582951782827
8,0,대림2동,female,17.82660728437486
9,0,대림2동,male,47.456551248988944
10,0,대림3동,female,43.76135506658375
11,0,대림3동,male,106.83618474091872
12,0,대흥동,female,11.518664663860363
13,0,대흥동,male,53.32292060027248
14,0,도림동,female,2.839967675229218
15,0,도림동,male,-15.357089831320991
16,0,도화동,female,103.35068670896453
17,0,도화동,male,250.73881500565403
18,0,망원1동,female,33.70453141392136
19,0,망원1동,male,124.74316829337113
20,0,망원2동,female,12.499734224543317
21,0,망원2동,male,43.35732701956522
22,0,문래동,female,27.705200774898003
23,0,문래동,male,93.95687192651712
24,0,상암동,female,290.7990982263391
25,0,상암동,male,380.50724150394217
26,0,서강동,female,96.78111417390846
27,0,서강동,male,158.81090884861987
28,0,서교동,female,1101.6795812555501
29,0,서교동,male,1997.966975159885
30,0,성산1동,female,-0.003101267728197854
31,0,성산1동,male,-6.672364704806114
32,0,성산2동,female,61.86998875761492
33,0,성산2동,male,11.204068651017224
34,0,신길1동,female,50.108397295515715
35,0,신길1동,male,24.787061144770178
36,0,신길3동,female,18.51909683388294
37,0,신길3동,male,-24.972682026725124
38,0,신길4동,female,10.805709188611672
39,0,신길4동,male,-11.249492454494202
40,0,신길5동,female,6.923266162715663
41,0,신길5동,male,7.748008538266959
42,0,신길6동,female,45.285738385859986
43,0,신길6동,male,51.6056735597499
44,0,신길7동,female,48.17806924275328
45,0,신길7동,male,8.018082459544985
46,0,신수동,female,27.084658720476455
47,0,신수동,male,-34.98625290446125
48,0,아현동,female,17.474268722169654
49,0,아현동,male,86.22101078582364
50,0,양평1동,female,3.753834001103314
51,0,양평1동,male,27.864098706869754
52,0,양평2동,female,76.18782546328384
53,0,양평2동,male,241.69401667851162
54,0,여의동,female,611.8555542617887
55,0,여의동,male,1318.163070924622
56,0,연남동,female,51.31616573150313
57,0,연남동,male,98.90311650709054
58,0,염리동,female,-4.04347352387822
59,0,염리동,male,-26.967513013168627
60,0,영등포동,female,296.55125531141584
61,0,영등포동,male,658.5425227158939
62,0,영등포본동,female,65.62452574162671
63,0,영등포본동,male,74.52767867512603
64,0,용강동,female,123.58709182713483
65,0,용강동,male,169.0697545551966
66,0,합정동,female,104.44547457372664
67,0,합정동,male,324.7890496941691
68,1,공덕동,female,-6.065311791217027
69,1,공덕동,male,74.66714376580057
70,1,당산1동,female,89.78206458966997
71,1,당산1동,male,154.7935702946652
72,1,당산2동,female,108.60391744483968
73,1,당산2동,male,253.22336845301925
74,1,대림1동,female,4.834245651382844
75,1,대림1동,male,-10.128341301231103
76,1,대림2동,female,15.71290297411133
77,1,대림2동,male,65.67605215772392
78,1,대림3동,female,67.28232790788115
79,1,대림3동,male,89.00676461232433
80,1,대흥동,female,6.276548138353974
81,1,대흥동,male,-12.74646005086106
82,1,도림동,female,0.20312166417670596
83,1,도림동,male,5.551510482359845
84,1,도화동,female,61.004578886714626
85,1,도화동,male,118.26933275451029
86,1,망원1동,female,94.43113738433203
87,1,망원1동,male,96.42004868679942
88,1,망원2동,female,15.347256679412567
89,1,망원2동,male,11.111384767778418
90,1,문래동,female,-2.084479475488479
91,1,문래동,male,18.012488966386627
92,1,상암동,female,128.09323574830614
93,1,상암동,male,178.4273044548736
94,1,서강동,female,65.40394297455168
95,1,서강동,male,162.26690163278
96,1,서교동,female,515.5077332809215
97,1,서교동,male,1126.4704005871026
98,1,성산1동,female,36.8077674898841
99,1,성산1동,male,9.502274635551203
100,1,성산2동,female,38.94987860890069
101,1,성산2동,male,-16.494718110437134
102,1,신길1동,female,28.412059530945044
103,1,신길1동,male,43.68617314195535
104,1,신길3동,female,15.061254499511051
105,1,신길3동,male,-18.316509798921743
106,1,신길4동,female,19.024033528592554
107,1,신길4동,male,-10.632241356289796
108,1,신길5동,female,2.8445226536350674
109,1,신길5동,male,26.74114103115653
110,1,신길6동,female,32.80946852373836
111,1,신길6동,male,50.38448527976789
112,1,신길7동,female,10.49216768103497
113,1,신길7동,male,30.335194296544614
114,1,신수동,female,-1.755167689326754
115,1,신수동,male,-18.330695495160853
116,1,아현동,female,29.093824522189607
117,1,아현동,male,51.383340034667526
118,1,양평1동,female,-10.922183949440296
119,1,양평1동,male,42.602280056046766
120,1,양평2동,female,68.00510247108468
121,1,양평2동,male,140.8552410664497
122,1,여의동,female,340.8094634559693
123,1,여의동,male,719.4569445139769
124,1,연남동,female,12.804664503546519
125,1,연남동,male,43.34690003320384
126,1,염리동,female,-9.65176351594664
127,1,염리동,male,-23.193908916822238
128,1,영등포동,female,166.6098526765436
129,1,영등포동,male,424.34496222188864
130,1,영등포본동,female,38.67085857472148
131,1,영등포본동,male,57.25040330293132
132,1,용강동,female,99.22137053579354
133,1,용강동,male,90.89884810012973
134,1,합정동,female,61.50578555723314
135,1,합정동,male,205.31360109984507
136,2,공덕동,female,28.9554331043164
137,2,공덕동,male,67.14599965531852
138,2,당산1동,female,64.29010777505209
139,2,당산1동,male,94.40965968024102
140,2,당산2동,female,60.87470829028189
141,2,당산2동,male,107.46901298776083
142,2,대림1동,female,13.63411466455318
143,2,대림1동,male,21.88446762734702
144,2,대림2동,female,-7.939052954016006
145,2,대림2동,male,26.24911546770818
146,2,대림3동,female,19.795415038482133
147,2,대림3동,male,87.18583454510099
148,2,대흥동,female,1.5820539159949476
149,2,대흥동,male,-57.2832060552837
150,2,도림동,female,15.66345829934562
151,2,도림동,male,13.211510082504446
152,2,도화동,female,30.851111257336925
153,2,도화동,male,74.07722148876655
154,2,망원1동,female,37.467705321554604
155,2,망원1동,male,-34.25201668445061
156,2,망원2동,female,9.919059532741812
157,2,망원2동,male,-0.15985469128872865
158,2,문래동,female,5.286511152640742
159,2,문래동,male,8.934504776733775
160,2,상암동,female,54.79476822424658
161,2,상암동,male,61.84705463449973
162,2,서강동,female,26.550182113263872
163,2,서강동,male,54.57928168603485
164,2,서교동,female,222.40921053283273
165,2,서교동,male,609.7392797798038
166,2,성산1동,female,13.399987884071379
167,2,성산1동,male,12.756839071229024
168,2,성산2동,female,36.818476800975986
169,2,성산2동,male,-8.02504777012382
170,2,신길1동,female,26.89894782180272
171,2,신길1동,male,30.950413866913095
172,2,신길3동,female,15.698321692887475
173,2,신길3동,male,-3.547785810226742
174,2,신길4동,female,5.000365021313655
175,2,신길4동,male,-1.2369387120211286
176,2,신길5동,female,1.9334163950484253
177,2,신길5동,male,-1.7389460254669302
178,2,신길6동,female,38.385449443069774
179,2,신길6동,male,35.5072144215892
180,2,신길7동,female,28.952269295791666
181,2,신길7동,male,13.190563632902013
182,2,신수동,female,-12.030640041237803
183,2,신수동,male,-30.84114503396131
184,2,아현동,female,6.4266703303355825
185,2,아현동,male,49.832993564063145
186,2,양평1동,female,15.552432280661833
187,2,양평1동,male,29.027340233993073
188,2,양평2동,female,20.020509970627245
189,2,양평2동,male,86.37844339838557
190,2,여의동,female,76.19478918165441
191,2,여의동,male,255.70394434979607
192,2,연남동,female,-7.816703965752367
193,2,연남동,male,26.16831205578319
194,2,염리동,female,3.342556501128911
195,2,염리동,male,-17.825029392003216
196,2,영등포동,female,82.16721593579769
197,2,영등포동,male,159.1820731800126
198,2,영등포본동,female,26.254295975223158
199,2,영등포본동,male,44.7131260772162
200,2,용강동,female,56.2586368173379
201,2,용강동,male,61.080682083319516
202,2,합정동,female,63.90973845487315
203,2,합정동,male,65.40669357584648
204,3,공덕동,female,0.0
205,3,공덕동,male,0.0
206,3,당산1동,female,0.0
207,3,당산1동,male,0.0
208,3,당산2동,female,0.0
209,3,당산2동,male,0.0
210,3,대림1동,female,0.0
211,3,대림1동,male,0.0
212,3,대림2동,female,0.0
213,3,대림2동,male,0.0
214,3,대림3동,female,0.0
215,3,대림3동,male,0.0
216,3,대흥동,female,0.0
217,3,대흥동,male,0.0
218,3,도림동,female,0.0
219,3,도림동,male,0.0
220,3,도화동,female,0.0
221,3,도화동,male,0.0
222,3,망원1동,female,0.0
223,3,망원1동,male,0.0
224,3,망원2동,female,0.0
225,3,망원2동,male,0.0
226,3,문래동,female,0.0
227,3,문래동,male,0.0
228,3,상암동,female,0.0
229,3,상암동,male,0.0
230,3,서강동,female,0.0
231,3,서강동,male,0.0
232,3,서교동,female,0.0
233,3,서교동,male,0.0
234,3,성산1동,female,0.0
235,3,성산1동,male,0.0
236,3,성산2동,female,0.0
237,3,성산2동,male,0.0
238,3,신길1동,female,0.0
239,3,신길1동,male,0.0
240,3,신길3동,female,0.0
241,3,신길3동,male,0.0
242,3,신길4동,female,0.0
243,3,신길4동,male,0.0
244,3,신길5동,female,0.0
245,3,신길5동,male,0.0
246,3,신길6동,female,0.0
247,3,신길6동,male,0.0
248,3,신길7동,female,0.0
249,3,신길7동,male,0.0
250,3,신수동,female,0.0
251,3,신수동,male,0.0
252,3,아현동,female,0.0
253,3,아현동,male,0.0
254,3,양평1동,female,0.0
255,3,양평1동,male,0.0
256,3,양평2동,female,0.0
257,3,양평2동,male,0.0
258,3,여의동,female,0.0
259,3,여의동,male,0.0
260,3,연남동,female,0.0
261,3,연남동,male,0.0
262,3,염리동,female,0.0
263,3,염리동,male,0.0
264,3,영등포동,female,0.0
265,3,영등포동,male,0.0
266,3,영등포본동,female,0.0
267,3,영등포본동,male,0.0
268,3,용강동,female,0.0
269,3,용강동,male,0.0
270,3,합정동,female,0.0
271,3,합정동,male,0.0
272,4,공덕동,female,8239.171461415915
273,4,공덕동,male,7420.890268367192
274,4,당산1동,female,4876.448149169104
275,4,당산1동,male,4997.626483738189
276,4,당산2동,female,6661.407190084437
277,4,당산2동,male,6418.577646009885
278,4,대림1동,female,3474.93806980701
279,4,대림1동,male,3440.9137907165377
280,4,대림2동,female,3184.133411098847
281,4,대림2동,male,3091.9643715659436
282,4,대림3동,female,4633.334685030577
283,4,대림3동,male,4586.276918943299
284,4,대흥동,female,5047.2045830690495
285,4,대흥동,male,4982.938781835975
286,4,도림동,female,3672.168188993213
287,4,도림동,male,3703.1888833788835
288,4,도화동,female,5154.934529389892
289,4,도화동,male,4560.983111982548
290,4,망원1동,female,5861.834284950224
291,4,망원1동,male,5127.447218918626
292,4,망원2동,female,4318.987050033599
293,4,망원2동,male,3905.8526972271725
294,4,문래동,female,7511.616091951606
295,4,문래동,male,7518.758907667425
296,4,상암동,female,7510.190118345818
297,4,상암동,male,7339.410482303792
298,4,서강동,female,5785.252116425044
299,4,서강동,male,5639.339926041651
300,4,서교동,female,10054.642166106347
301,4,서교동,male,10635.459504490655
302,4,성산1동,female,4195.210918375974
303,4,성산1동,male,3761.87060093484
304,4,성산2동,female,8522.439558606031
305,4,성산2동,male,7530.9688854933165
306,4,신길1동,female,3448.381856454573
307,4,신길1동,male,3569.9691307653998
308,4,신길3동,female,3235.5196746961865
309,4,신길3동,male,3237.9382281129647
310,4,신길4동,female,1734.2788870552947
311,4,신길4동,male,1737.814509400746
312,4,신길5동,female,1916.1474075648293
313,4,신길5동,male,1896.6463622040465
314,4,신길6동,female,4196.86021393801
315,4,신길6동,male,4044.8899285974044
316,4,신길7동,female,3551.4152385326893
317,4,신길7동,male,3608.745934338558
318,4,신수동,female,3241.2837044330618
319,4,신수동,male,3163.6569169208224
320,4,아현동,female,5288.355802178242
321,4,아현동,male,4740.618472008728
322,4,양평1동,female,3611.5043409163845
323,4,양평1동,male,3695.911594322582
324,4,양평2동,female,5285.995416825093
325,4,양평2동,male,5481.513613850094
326,4,여의동,female,9909.884950215175
327,4,여의동,male,10252.695847148
328,4,연남동,female,2703.288461751053
329,4,연남동,male,2469.0563287056507
330,4,염리동,female,2457.307473775759
331,4,염리동,male,2279.9348199353913
332,4,영등포동,female,7887.195467519468
333,4,영등포동,male,9031.644152265719
334,4,영등포본동,female,3662.74704947915
335,4,영등포본동,male,3860.9341909080526
336,4,용강동,female,4557.703063272512
337,4,용강동,male,4359.414955509837
338,4,합정동,female,4585.759371676095
339,4,합정동,male,4261.887148235497
340,5,공덕동,female,8188.595775168903
341,5,공덕동,male,7398.752642014543
342,5,당산1동,female,4921.048905198873
343,5,당산1동,male,5073.01742002404
344,5,당산2동,female,6785.460631127243
345,5,당산2동,male,6706.9903660703985
346,5,대림1동,female,3423.5374291261546
347,5,대림1동,male,3350.1885854789202
348,5,대림2동,female,3163.7292342657033
349,5,대림2동,male,3068.6894653181994
350,5,대림3동,female,4564.2850089387675
351,5,대림3동,male,4534.062676550051
352,5,대흥동,female,5122.975404038579
353,5,대흥동,male,5182.8681602102615
354,5,도림동,female,3619.1777571497914
355,5,도림동,male,3609.946454594266
356,5,도화동,female,5180.320329916014
357,5,도화동,male,4585.825072206784
358,5,망원1동,female,5771.818359976568
359,5,망원1동,male,5141.307492792266
360,5,망원2동,female,4237.728535160217
361,5,망원2동,male,3900.4434496619515
362,5,문래동,female,7548.117263984005
363,5,문래동,male,7548.760439221159
364,5,상암동,female,7708.901505888226
365,5,상암동,male,7649.963147707583
366,5,서강동,female,5730.655234916659
367,5,서강동,male,5641.017000678951
368,5,서교동,female,10026.966670177137
369,5,서교동,male,10704.215061459809
370,5,성산1동,female,4167.44768131086
371,5,성산1동,male,3735.7042550171705
372,5,성산2동,female,8497.929693231014
373,5,성산2동,male,7671.19134046715
374,5,신길1동,female,3478.644214026891
375,5,신길1동,male,3597.4886830010573
376,5,신길3동,female,3167.3028350851296
377,5,신길3동,male,3115.6958500364626
378,5,신길4동,female,1688.7966600149393
379,5,신길4동,male,1694.5843292205109
380,5,신길5동,female,1902.0121180927179
381,5,신길5동,male,1868.7024492711505
382,5,신길6동,female,4207.873559691456
383,5,신길6동,male,4022.8298299029775
384,5,신길7동,female,3559.333306601581
385,5,신길7동,male,3620.9096464509107
386,5,신수동,female,3199.960997758421
387,5,신수동,male,3156.7624470746955
388,5,아현동,female,5292.519853932504
389,5,아현동,male,4774.569422651215
390,5,양평1동,female,3589.6325176791274
391,5,양평1동,male,3709.3785502624073
392,5,양평2동,female,5343.69025721617
393,5,양평2동,male,5747.211200871971
394,5,여의동,female,10464.910426909026
395,5,여의동,male,11113.652348193495
396,5,연남동,female,2689.0040650616806
397,5,연남동,male,2446.3019757878283
398,5,염리동,female,2452.599276468298
399,5,염리동,male,2277.221815877428
400,5,영등포동,female,7920.864605167729
401,5,영등포동,male,9412.44713840562
402,5,영등포본동,female,3643.591035759119
403,5,영등포본동,male,3913.507205440978
404,5,용강동,female,4554.438955491393
405,5,용강동,male,4376.4904450608055
406,5,합정동,female,4599.6508046802
407,5,합정동,male,4339.840227894473
408,6,공덕동,female,8186.756783153862
409,6,공덕동,male,7396.632924182868
410,6,당산1동,female,5002.950166817225
411,6,당산1동,male,5288.607143095694
412,6,당산2동,female,7017.711277280259
413,6,당산2동,male,7204.703432178871
414,6,대림1동,female,3410.352461902769
415,6,대림1동,male,3222.2012260580123
416,6,대림2동,female,3133.9882275536625
417,6,대림2동,male,3124.892159295671
418,6,대림3동,female,4524.780122877025
419,6,대림3동,male,4481.426229016095
420,6,대흥동,female,5220.719735491793
421,6,대흥동,male,5373.325310634013
422,6,도림동,female,3534.6043146463926
423,6,도림동,male,3437.623637422856
424,6,도화동,female,5161.871624297766
425,6,도화동,male,4612.257301805566
426,6,망원1동,female,5738.594589669492
427,6,망원1동,male,5117.094150734471
428,6,망원2동,female,4191.8755570198455
429,6,망원2동,male,3830.941139393979
430,6,문래동,female,7685.304415323538
431,6,문래동,male,7957.056732978307
432,6,상암동,female,7952.464239568376
433,6,상암동,male,8141.009416636436
434,6,서강동,female,5721.849312818404
435,6,서강동,male,5588.138933398034
436,6,서교동,female,10431.41432390241
437,6,서교동,male,11423.939144889548
438,6,성산1동,female,4135.795422626747
439,6,성산1동,male,3708.7503070477414
440,6,성산2동,female,8549.736366199404
441,6,성산2동,male,7562.373338349472
442,6,신길1동,female,3452.140088728952
443,6,신길1동,male,3630.035986922778
444,6,신길3동,female,3095.4002417473293
445,6,신길3동,male,2987.782483009602
446,6,신길4동,female,1635.724125613059
447,6,신길4동,male,1636.7322644939277
448,6,신길5동,female,1883.3255876915882
449,6,신길5동,male,1827.8557513173703
450,6,신길6동,female,4214.728633135863
451,6,신길6동,male,4029.0293012983043
452,6,신길7동,female,3527.670625036391
453,6,신길7동,male,3511.5671752265
454,6,신수동,female,3164.1428304176798
455,6,신수동,male,3100.1019616723524
456,6,아현동,female,5287.807113981178
457,6,아현동,male,4865.018053030556
458,6,양평1동,female,3557.2306670521293
459,6,양평1동,male,3798.8722142563806
460,6,양평2동,female,5469.130288591161
461,6,양평2동,male,6262.975727938109
462,6,여의동,female,11782.463096175574
463,6,여의동,male,14352.020525660007
464,6,연남동,female,2660.353481966346
465,6,연남동,male,2437.1024056522433
466,6,염리동,female,2444.0287008191394
467,6,염리동,male,2243.25872090228
468,6,영등포동,female,8166.223644113799
469,6,영등포동,male,9948.923666412737
470,6,영등포본동,female,3620.902593774589
471,6,영등포본동,male,3963.3079260090362
472,6,용강동,female,4546.747973367757
473,6,용강동,male,4480.616657677482
474,6,합정동,female,4649.280776974555
475,6,합정동,male,4616.036030879915
476,7,공덕동,female,7904.714363269797
477,7,공덕동,male,7225.622343370052
478,7,당산1동,female,5668.851560379357
479,7,당산1동,male,5884.218005119515
480,7,당산2동,female,8024.958486999794
481,7,당산2동,male,8218.045874124606
482,7,대림1동,female,3275.459981970215
483,7,대림1동,male,3005.9170270994964
484,7,대림2동,female,3323.06741385484
485,7,대림2동,male,3296.9662784205548
486,7,대림3동,female,4827.823209963661
487,7,대림3동,male,4769.986940952669
488,7,대흥동,female,5588.717973542619
489,7,대흥동,male,5788.633505371441
490,7,도림동,female,3338.453739008819
491,7,도림동,male,3232.6829085372874
492,7,도화동,female,5110.404825505784
493,7,도화동,male,4662.778266899062
494,7,망원1동,female,5453.174122645044
495,7,망원1동,male,4832.936345082748
496,7,망원2동,female,3848.899954065262
497,7,망원2동,male,3483.7061724035398
498,7,문래동,female,8069.420071775633
499,7,문래동,male,8618.69422918256
500,7,상암동,female,9126.758231225574
501,7,상암동,male,9818.347472262843
502,7,서강동,female,5680.593351513844
503,7,서강동,male,5539.580952534349
504,7,서교동,female,12161.727530746797
505,7,서교동,male,13085.964197689333
506,7,성산1동,female,4091.5105007320544
507,7,성산1동,male,3562.789655356558
508,7,성산2동,female,8269.32689619486
509,7,성산2동,male,7242.082048270532
510,7,신길1동,female,3827.355227156365
511,7,신길1동,male,3972.848449109261
512,7,신길3동,female,2924.809790341978
513,7,신길3동,male,2833.10889321501
514,7,신길4동,female,1507.1282032632603
515,7,신길4동,male,1478.8108659973554
516,7,신길5동,female,1850.9586473703612
517,7,신길5동,male,1753.6367707235493
518,7,신길6동,female,4224.324223185367
519,7,신길6동,male,3896.4934354103575
520,7,신길7동,female,3428.4410402508947
521,7,신길7동,male,3440.8143446109316
522,7,신수동,female,3005.4050264746147
523,7,신수동,male,2985.524290741072
524,7,아현동,female,5447.013268937039
525,7,아현동,male,4833.992313053766
526,7,양평1동,female,3641.017612440018
527,7,양평1동,male,4091.2373491740927
528,7,양평2동,female,5882.281455218007
529,7,양평2동,male,7219.9936731361495
530,7,여의동,female,18101.569252857364
531,7,여의동,male,26257.208807565607
532,7,연남동,female,2655.7870547689367
533,7,연남동,male,2429.290814251492
534,7,염리동,female,2661.5637420573353
535,7,염리동,male,2274.9047217576294
536,7,영등포동,female,9408.673765768626
537,7,영등포동,male,11511.658930850805
538,7,영등포본동,female,4014.1188406529895
539,7,영등포본동,male,4197.100963321512
540,7,용강동,female,4593.2055969865905
541,7,용강동,male,4567.788337990618
542,7,합정동,female,5079.3629328171555
543,7,합정동,male,5026.723266670348
544,8,공덕동,female,7890.408341422354
545,8,공덕동,male,6967.415555252314
546,8,당산1동,female,6771.37679542097
547,8,당산1동,male,6500.2047935428745
548,8,당산2동,female,8427.102146625679
549,8,당산2동,male,8241.348950851983
550,8,대림1동,female,3194.9084388705
551,8,대림1동,male,2797.659292110634
552,8,대림2동,female,3037.8738471093016
553,8,대림2동,male,2891.747711932245
554,8,대림3동,female,4554.8264551137445
555,8,대림3동,male,4558.765069396317
556,8,대흥동,female,6090.879929966625
557,8,대흥동,male,6287.090674245714
558,8,도림동,female,2860.899875954719
559,8,도림동,male,2731.213743076495
560,8,도화동,female,5622.589062578654
561,8,도화동,male,4911.945538931285
562,8,망원1동,female,4829.270607153426
563,8,망원1동,male,4195.310200038181
564,8,망원2동,female,3422.220184124913
565,8,망원2동,male,3018.0365848493134
566,8,문래동,female,9244.143234148147
567,8,문래동,male,10101.128236344943
568,8,상암동,female,10926.400453956829
569,8,상암동,male,12101.00198534607
570,8,서강동,female,5614.813254483941
571,8,서강동,male,5397.042659302941
572,8,서교동,female,15396.547321372516
573,8,서교동,male,15084.123169289014
574,8,성산1동,female,4028.8875798130994
575,8,성산1동,male,3537.1162627280823
576,8,성산2동,female,7695.939504162101
577,8,성산2동,male,6761.018153325003
578,8,신길1동,female,3089.3267540506085
579,8,신길1동,male,3145.7226550157466
580,8,신길3동,female,2697.0976139246463
581,8,신길3동,male,2532.3141691569135
582,8,신길4동,female,1334.893185888322
583,8,신길4동,male,1289.184478044995
584,8,신길5동,female,1766.8242286063903
585,8,신길5동,male,1687.7478924331335
586,8,신길6동,female,3957.059824646249
587,8,신길6동,male,3631.2598468002448
588,8,신길7동,female,3164.5232600342833
589,8,신길7동,male,3049.6351513330737
590,8,신수동,female,2864.858015702966
591,8,신수동,male,2915.808202859079
592,8,아현동,female,5662.583264908127
593,8,아현동,male,4726.776473533993
594,8,양평1동,female,4029.6061111201966
595,8,양평1동,male,4822.018786420167
596,8,양평2동,female,6767.3678937441055
597,8,양평2동,male,7776.667744672601
598,8,여의동,female,26620.63792089952
599,8,여의동,male,37965.81152270689
600,8,연남동,female,2477.0989245742026
601,8,연남동,male,2365.9765527637387
602,8,염리동,female,2867.802007357042
603,8,염리동,male,2348.4960030288703
604,8,영등포동,female,10787.230821803883
605,8,영등포동,male,12159.651146257069
606,8,영등포본동,female,3886.487254824047
607,8,영등포본동,male,4010.3610376217753
608,8,용강동,female,5193.278260531408
609,8,용강동,male,5120.476481149227
610,8,합정동,female,5443.269936346786
611,8,합정동,male,4853.231422763184
612,9,공덕동,female,7768.340972190706
613,9,공덕동,male,6901.095726814609
614,9,당산1동,female,7165.416654296391
615,9,당산1동,male,6672.642599820416
616,9,당산2동,female,8551.806306254326
617,9,당산2동,male,8172.721252823828
618,9,대림1동,female,3242.7103526583296
619,9,대림1동,male,2738.0773250188195
620,9,대림2동,female,2755.7597090431213
621,9,대림2동,male,2725.0941459679784
622,9,대림3동,female,4368.336634571488
623,9,대림3동,male,4542.022890189749
624,9,대흥동,female,6367.042509527861
625,9,대흥동,male,6596.42598344161
626,9,도림동,female,2590.60055307751
627,9,도림동,male,2507.5315640799677
628,9,도화동,female,5686.633226074802
629,9,도화동,male,4868.507358163315
630,9,망원1동,female,4772.220091075089
631,9,망원1동,male,4167.151497755944
632,9,망원2동,female,3210.2035633059936
633,9,망원2동,male,2986.8164333721757
634,9,문래동,female,9619.982768679854
635,9,문래동,male,10619.2746082501
636,9,상암동,female,11432.898669920949
637,9,상암동,male,12669.396480831345
638,9,서강동,female,5980.231251308824
639,9,서강동,male,5809.509701773076
640,9,서교동,female,17760.385951962187
641,9,서교동,male,17303.562445787975
642,9,성산1동,female,3940.4898777763847
643,9,성산1동,male,3479.924036975787
644,9,성산2동,female,7462.33559843513
645,9,성산2동,male,6534.5446305556425
646,9,신길1동,female,2815.8931971167685
647,9,신길1동,male,3032.6445527450683
648,9,신길3동,female,2552.032239030584
649,9,신길3동,male,2436.394912522885
650,9,신길4동,female,1251.126048055212
651,9,신길4동,male,1228.4711444289894
652,9,신길5동,female,1691.5490106998336
653,9,신길5동,male,1624.9384003093282
654,9,신길6동,female,3835.338419557713
655,9,신길6동,male,3423.1275964794627
656,9,신길7동,female,2980.6273981525824
657,9,신길7동,male,2916.4378893118305
658,9,신수동,female,2725.86969005713
659,9,신수동,male,2762.166467872178
660,9,아현동,female,5647.181067937268
661,9,아현동,male,4665.197915376274
662,9,양평1동,female,4481.456565766875
663,9,양평1동,male,5096.858613044535
664,9,양평2동,female,6962.514231451218
665,9,양평2동,male,8133.859428852294
666,9,여의동,female,30594.30096453864
667,9,여의동,male,41504.95336757603
668,9,연남동,female,2473.6312718372983
669,9,연남동,male,2372.514323762554
670,9,염리동,female,2857.543779147087
671,9,염리동,male,2363.1571945138426
672,9,영등포동,female,11796.010210649658
673,9,영등포동,male,12855.995151106155
674,9,영등포본동,female,3762.0860544759776
675,9,영등포본동,male,3759.879447625167
676,9,용강동,female,5334.954410955119
677,9,용강동,male,5047.529186544453
678,9,합정동,female,5483.896342737358
679,9,합정동,male,4966.218501057127
680,10,공덕동,female,7706.655925550758
681,10,공덕동,male,6747.0496807617565
682,10,당산1동,female,7117.308015625798
683,10,당산1동,male,6870.9205746299895
684,10,당산2동,female,8213.103676790064
685,10,당산2동,male,8008.939486637175
686,10,대림1동,female,3217.6818831051846
687,10,대림1동,male,2685.4271195028123
688,10,대림2동,female,2661.6275816463817
689,10,대림2동,male,2635.449832915056
690,10,대림3동,female,4204.191815493563
691,10,대림3동,male,4412.043322347293
692,10,대흥동,female,6625.310509012249
693,10,대흥동,male,7121.283118299572
694,10,도림동,female,2547.5240370008632
695,10,도림동,male,2470.258066539889
696,10,도화동,female,5630.917171553658
697,10,도화동,male,4818.188519453736
698,10,망원1동,female,5008.271215235485
699,10,망원1동,male,4261.599938392705
700,10,망원2동,female,3162.543118660992
701,10,망원2동,male,2940.8653931484864
702,10,문래동,female,9685.425201791679
703,10,문래동,male,10800.883622563633
704,10,상암동,female,11401.242899224657
705,10,상암동,male,12504.040539759842
706,10,서강동,female,6188.323942904617
707,10,서강동,male,6045.785157800406
708,10,서교동,female,19577.07998173801
709,10,서교동,male,18734.444937406915
710,10,성산1동,female,3825.4905355924493
711,10,성산1동,male,3504.7000415384946
712,10,성산2동,female,7359.073812203732
713,10,성산2동,male,6414.22033370054
714,10,신길1동,female,2768.0094818084513
715,10,신길1동,male,2929.97564301239
716,10,신길3동,female,2565.1945064141382
717,10,신길3동,male,2378.31948221053
718,10,신길4동,female,1227.7771406004733
719,10,신길4동,male,1231.1349656174102
720,10,신길5동,female,1651.670714426353
721,10,신길5동,male,1614.2223090592267
722,10,신길6동,female,3700.0939724655773
723,10,신길6동,male,3271.6482408290562
724,10,신길7동,female,2884.1660980149004
725,10,신길7동,male,2788.846724994952
726,10,신수동,female,2613.2437186049133
727,10,신수동,male,2714.3960838938738
728,10,아현동,female,5574.925959107198
729,10,아현동,male,4539.946627093056
730,10,양평1동,female,4694.564864246525
731,10,양평1동,male,5292.12102443391
732,10,양평2동,female,6965.871758578724
733,10,양평2동,male,8166.212940493307
734,10,여의동,female,31738.42918672418
735,10,여의동,male,42404.7854345563
736,10,연남동,female,2510.536374082446
737,10,연남동,male,2400.088502017366
738,10,염리동,female,2787.4662802708813
739,10,염리동,male,2343.540354100948
740,10,영등포동,female,13116.885394170262
741,10,영등포동,male,13479.197750686782
742,10,영등포본동,female,3870.2821282285777
743,10,영등포본동,male,3815.471737522135
744,10,용강동,female,5349.416911990806
745,10,용강동,male,5072.245127258167
746,10,합정동,female,5590.056453486147
747,10,합정동,male,5262.6571113526325
748,11,공덕동,female,7733.580539454864
749,11,공덕동,male,6852.104917552167
750,11,당산1동,female,7188.644368568351
751,11,당산1동,male,7038.972502417659
752,11,당산2동,female,8070.225247355303
753,11,당산2동,male,7988.7458415518995
754,11,대림1동,female,3141.6832171159135
755,11,대림1동,male,2682.8059916019993
756,11,대림2동,female,2736.12680366741
757,11,대림2동,male,2688.8946663536017
758,11,대림3동,female,4307.657138350062
759,11,대림3동,male,4649.562587046655
760,11,대흥동,female,6811.961243642685
761,11,대흥동,male,7207.648515863493
762,11,도림동,female,2485.4693596717434
763,11,도림동,male,2468.0311709800944
764,11,도화동,female,5803.597521020697
765,11,도화동,male,5110.887991448721
766,11,망원1동,female,5134.651525052315
767,11,망원1동,male,4368.085077706566
768,11,망원2동,female,3168.677772639831
769,11,망원2동,male,2978.9461207831264
770,11,문래동,female,9769.480910597395
771,11,문래동,male,10770.036675907822
772,11,상암동,female,11518.042873763048
773,11,상암동,male,12375.072994313194
774,11,서강동,female,6274.440788344
775,11,서강동,male,6150.330045885688
776,11,서교동,female,21265.60542086116
777,11,서교동,male,20199.65346531194
778,11,성산1동,female,3687.6009750747708
779,11,성산1동,male,3458.0086561881258
780,11,성산2동,female,7324.702169344129
781,11,성산2동,male,6232.163488471163
782,11,신길1동,female,2782.001040659827
783,11,신길1동,male,2955.427603464061
784,11,신길3동,female,2509.5501125134692
785,11,신길3동,male,2411.1281432784212
786,11,신길4동,female,1195.46055305571
787,11,신길4동,male,1225.5262331824117
788,11,신길5동,female,1609.2465710368913
789,11,신길5동,male,1605.6588812153955
790,11,신길6동,female,3674.1058193453305
791,11,신길6동,male,3293.931130813017
792,11,신길7동,female,2827.415172080228
793,11,신길7동,male,2658.234373191535
794,11,신수동,female,2544.5500547767833
795,11,신수동,male,2678.9669895255515
796,11,아현동,female,5521.815485450768
797,11,아현동,male,4443.030896154212
798,11,양평1동,female,4667.92079239943
799,11,양평1동,male,5243.391156152922
800,11,양평2동,female,6929.933922166817
801,11,양평2동,male,8193.252443960855
802,11,여의동,female,31182.60851923219
803,11,여의동,male,42833.1290763199
804,11,연남동,female,2632.305599261075
805,11,연남동,male,2515.5691519375405
806,11,염리동,female,2761.6055311437844
807,11,염리동,male,2293.1545475524517
808,11,영등포동,female,14464.18166750688
809,11,영등포동,male,14327.358422503017
810,11,영등포본동,female,4005.5893869180563
811,11,영등포본동,male,3795.751405340832
812,11,용강동,female,5615.934681845218
813,11,용강동,male,5330.679139170545
814,11,합정동,female,5666.480755956692
815,11,합정동,male,5337.2352244610665
816,12,공덕동,female,7662.709733467098
817,12,공덕동,male,6797.863406105056
818,12,당산1동,female,7107.68560866247
819,12,당산1동,male,6985.48918988334
820,12,당산2동,female,8157.588068817353
821,12,당산2동,male,8111.711870188031
822,12,대림1동,female,3049.841101841252
823,12,대림1동,male,2601.920188464798
824,12,대림2동,female,2822.131161919059
825,12,대림2동,male,2743.928227007929
826,12,대림3동,female,4288.192434878191
827,12,대림3동,male,4698.311876950248
828,12,대흥동,female,6746.120247423197
829,12,대흥동,male,7056.552831881144
830,12,도림동,female,2458.8671079415253
831,12,도림동,male,2482.45786683811
832,12,도화동,female,5738.260418378751
833,12,도화동,male,4992.7737732268415
834,12,망원1동,female,5254.192401049766
835,12,망원1동,male,4460.950982990888
836,12,망원2동,female,3267.110972860256
837,12,망원2동,male,3018.391966657863
838,12,문래동,female,9720.607690453344
839,12,문래동,male,10680.604778258568
840,12,상암동,female,11644.118164657506
841,12,상암동,male,12540.019603156707
842,12,서강동,female,6217.971584026674
843,12,서강동,male,6180.54286356628
844,12,서교동,female,22878.46900844422
845,12,서교동,male,21012.818693963003
846,12,성산1동,female,3704.8229182764458
847,12,성산1동,male,3426.762825677822
848,12,성산2동,female,7178.004679056149
849,12,성산2동,male,6251.099393996298
850,12,신길1동,female,2703.7799021452397
851,12,신길1동,male,2848.300478676561
852,12,신길3동,female,2489.0965461115798
853,12,신길3동,male,2387.3916986569075
854,12,신길4동,female,1195.4357764001238
855,12,신길4동,male,1190.2777653950466
856,12,신길5동,female,1625.877245341132
857,12,신길5동,male,1629.9477317455867
858,12,신길6동,female,3631.4938852159194
859,12,신길6동,male,3350.08959769328
860,12,신길7동,female,2793.6227035971256
861,12,신길7동,male,2699.807431923486
862,12,신수동,female,2552.552229240802
863,12,신수동,male,2701.545916131895
864,12,아현동,female,5592.393180082476
865,12,아현동,male,4619.526201766611
866,12,양평1동,female,4594.730034585534
867,12,양평1동,male,5084.253339887923
868,12,양평2동,female,6786.744416904773
869,12,양평2동,male,8044.8123782745
870,12,여의동,female,30601.618636861196
871,12,여의동,male,41847.28504357418
872,12,연남동,female,2723.353197950885
873,12,연남동,male,2463.5511788630506
874,12,염리동,female,2751.118990488244
875,12,염리동,male,2279.0095327392314
876,12,영등포동,female,14731.063184825869
877,12,영등포동,male,14454.70353967374
878,12,영등포본동,female,4235.214247226187
879,12,영등포본동,male,3947.154231550046
880,12,용강동,female,5592.221755211813
881,12,용강동,male,5317.082802855713
882,12,합정동,female,5793.477054747698
883,12,합정동,male,5329.303115167702
884,13,공덕동,female,7585.232722702824
885,13,공덕동,male,6672.5420656600145
886,13,당산1동,female,6924.936796631103
887,13,당산1동,male,7028.260849589497
888,13,당산2동,female,7882.905240954467
889,13,당산2동,male,7881.707036474088
890,13,대림1동,female,3020.858774399803
891,13,대림1동,male,2620.9162378261585
892,13,대림2동,female,2846.622099680099
893,13,대림2동,male,2724.32809806837
894,13,대림3동,female,4287.609311699978
895,13,대림3동,male,4639.845131475687
896,13,대흥동,female,6719.269529831148
897,13,대흥동,male,7081.903726133756
898,13,도림동,female,2474.6377994212426
899,13,도림동,male,2508.8001790045714
900,13,도화동,female,5635.103081985058
901,13,도화동,male,4930.882524444925
902,13,망원1동,female,5257.091923919608
903,13,망원1동,male,4418.34166884859
904,13,망원2동,female,3286.4580301924216
905,13,망원2동,male,2987.544459323848
906,13,문래동,female,9695.876369096355
907,13,문래동,male,10611.168385650712
908,13,상암동,female,11464.202141484107
909,13,상암동,male,12414.2862462589
910,13,서강동,female,6393.910890695463
911,13,서강동,male,6210.6563486009445
912,13,서교동,female,23620.008050652217
913,13,서교동,male,21719.274117207522
914,13,성산1동,female,3652.6431759442703
915,13,성산1동,male,3428.6261332016365
916,13,성산2동,female,7274.201137715325
917,13,성산2동,male,6338.806338167037
918,13,신길1동,female,2757.370055363419
919,13,신길1동,male,2978.975269991095
920,13,신길3동,female,2464.164384856938
921,13,신길3동,male,2355.3024566373624
922,13,신길4동,female,1231.1545588385252
923,13,신길4동,male,1195.5943116524281
924,13,신길5동,female,1564.7375984462742
925,13,신길5동,male,1616.341067239726
926,13,신길6동,female,3579.289811605971
927,13,신길6동,male,3277.975915456266
928,13,신길7동,female,2705.902355834779
929,13,신길7동,male,2678.022052095296
930,13,신수동,female,2629.4386214546716
931,13,신수동,male,2591.414685615563
932,13,아현동,female,5494.850734789622
933,13,아현동,male,4576.565147089786
934,13,양평1동,female,4558.764923305212
935,13,양평1동,male,5016.367897830696
936,13,양평2동,female,6674.860299935352
937,13,양평2동,male,7979.255715938125
938,13,여의동,female,29736.161175089674
939,13,여의동,male,40598.296984880726
940,13,연남동,female,2714.2173275496025
941,13,연남동,male,2435.127873752146
942,13,염리동,female,2720.445684364527
943,13,염리동,male,2228.301309876961
944,13,영등포동,female,14967.959689965928
945,13,영등포동,male,14872.593625162752
946,13,영등포본동,female,4140.61998504605
947,13,영등포본동,male,3866.4924980590004
948,13,용강동,female,5411.9025473379415
949,13,용강동,male,5178.28331331018
950,13,합정동,female,5715.5832208929405
951,13,합정동,male,5206.462146300064
952,14,공덕동,female,7469.283938741401
953,14,공덕동,male,6617.941693432268
954,14,당산1동,female,6836.52092838902
955,14,당산1동,male,6928.674382439879
956,14,당산2동,female,7971.483959731646
957,14,당산2동,male,8119.946413439871
958,14,대림1동,female,3109.5820553220324
959,14,대림1동,male,2680.1321720141277
960,14,대림2동,female,2891.750062979184
961,14,대림2동,male,2839.4149543273347
962,14,대림3동,female,4281.314892958954
963,14,대림3동,male,4715.571228275008
964,14,대흥동,female,6545.132306457388
965,14,대흥동,male,6798.726065619917
966,14,도림동,female,2501.5913511488
967,14,도림동,male,2512.799835594207
968,14,도화동,female,5471.799547406409
969,14,도화동,male,4685.936920824014
970,14,망원1동,female,5492.801357363551
971,14,망원1동,male,4664.22539583744
972,14,망원2동,female,3412.489479647857
973,14,망원2동,male,3066.394012291559
974,14,문래동,female,9349.6969788155
975,14,문래동,male,10164.178467991216
976,14,상암동,female,11252.208091091681
977,14,상암동,male,12075.065991796972
978,14,서강동,female,6426.936526700637
979,14,서강동,male,6154.3472736556805
980,14,서교동,female,23882.92226299966
981,14,서교동,male,21640.46546550554
982,14,성산1동,female,3542.5941618078477
983,14,성산1동,male,3483.9191003928718
984,14,성산2동,female,7413.278265209341
985,14,성산2동,male,6512.638956280966
986,14,신길1동,female,2769.889092753797
987,14,신길1동,male,2860.9969612475106
988,14,신길3동,female,2471.717634973966
989,14,신길3동,male,2370.268235769189
990,14,신길4동,female,1236.2299139661734
991,14,신길4동,male,1206.1021330610845
992,14,신길5동,female,1564.6660508378461
993,14,신길5동,male,1562.3299611008238
994,14,신길6동,female,3616.7808728491955
995,14,신길6동,male,3306.9249563597373
996,14,신길7동,female,2737.142593173052
997,14,신길7동,male,2767.092731315497
998,14,신수동,female,2595.1836694714116
999,14,신수동,male,2597.6704777122823
1000,14,아현동,female,5324.795901519499
1001,14,아현동,male,4449.198668450475
1002,14,양평1동,female,4430.181274059641
1003,14,양평1동,male,4884.87487724639
1004,14,양평2동,female,6615.632965047789
1005,14,양평2동,male,8110.8873658022
1006,14,여의동,female,28272.48433592762
1007,14,여의동,male,38679.344631087915
1008,14,연남동,female,2649.4623782116396
1009,14,연남동,male,2427.4420259626936
1010,14,염리동,female,2538.1052998230857
1011,14,염리동,male,2073.850012545095
1012,14,영등포동,female,15278.874444017161
1013,14,영등포동,male,15332.752412387395
1014,14,영등포본동,female,4286.664915163872
1015,14,영등포본동,male,3952.2600989218886
1016,14,용강동,female,5219.697197980399
1017,14,용강동,male,4965.679212135909
1018,14,합정동,female,5717.79565262036
1019,14,합정동,male,5278.439618275974
1020,15,공덕동,female,7420.615255650254
1021,15,공덕동,male,6669.347494241925
1022,15,당산1동,female,6757.529180316914
1023,15,당산1동,male,6825.388467944656
1024,15,당산2동,female,8028.29430244069
1025,15,당산2동,male,8462.683146587104
1026,15,대림1동,female,3133.141350499124
1027,15,대림1동,male,2777.614086612366
1028,15,대림2동,female,3031.182298940322
1029,15,대림2동,male,2975.4048538867014
1030,15,대림3동,female,4399.619035274765
1031,15,대림3동,male,4659.651440974445
1032,15,대흥동,female,6556.4952018525855
1033,15,대흥동,male,6667.508369266116
1034,15,도림동,female,2642.2316958880215
1035,15,도림동,male,2640.517808549468
1036,15,도화동,female,5502.281931055578
1037,15,도화동,male,4779.850209510526
1038,15,망원1동,female,5735.744387447599
1039,15,망원1동,male,4921.84442323025
1040,15,망원2동,female,3556.2856667560627
1041,15,망원2동,male,3279.5936378514634
1042,15,문래동,female,9389.484944343358
1043,15,문래동,male,9902.018642457653
1044,15,상암동,female,10887.776930603231
1045,15,상암동,male,11583.241358341184
1046,15,서강동,female,6437.631684023704
1047,15,서강동,male,6364.0395339504985
1048,15,서교동,female,25007.84830341793
1049,15,서교동,male,22770.382351910826
1050,15,성산1동,female,3568.0836059989947
1051,15,성산1동,male,3429.6060690787176
1052,15,성산2동,female,7621.885378391288
1053,15,성산2동,male,6875.780521408853
1054,15,신길1동,female,2854.2677824420007
1055,15,신길1동,male,2964.5075108692977
1056,15,신길3동,female,2563.682199750311
1057,15,신길3동,male,2485.458728790663
1058,15,신길4동,female,1259.9557286395263
1059,15,신길4동,male,1274.8026000551065
1060,15,신길5동,female,1591.0243585120038
1061,15,신길5동,male,1544.5722641053173
1062,15,신길6동,female,3601.4782000990735
1063,15,신길6동,male,3371.149114110348
1064,15,신길7동,female,2871.6122294513502
1065,15,신길7동,male,2848.536919343318
1066,15,신수동,female,2624.6813420083436
1067,15,신수동,male,2632.1815470047436
1068,15,아현동,female,5373.7997054689795
1069,15,아현동,male,4497.863312472588
1070,15,양평1동,female,4338.83741099305
1071,15,양평1동,male,4601.120567799762
1072,15,양평2동,female,6418.56743421283
1073,15,양평2동,male,7875.262368805726
1074,15,여의동,female,26133.339378183853
1075,15,여의동,male,35847.03997256715
1076,15,연남동,female,2718.0302841696416
1077,15,연남동,male,2461.484972051643
1078,15,염리동,female,2535.2838141431344
1079,15,염리동,male,2026.7832850004565
1080,15,영등포동,female,15624.80721664807
1081,15,영등포동,male,15799.719660415432
1082,15,영등포본동,female,4514.912526731771
1083,15,영등포본동,male,4269.2670477505635
1084,15,용강동,female,5205.537779477961
1085,15,용강동,male,4905.745402982517
1086,15,합정동,female,6020.329543210027
1087,15,합정동,male,5567.2071273720985
1088,16,공덕동,female,7491.565058021465
1089,16,공덕동,male,6926.753983776261
1090,16,당산1동,female,6706.068665906946
1091,16,당산1동,male,6961.184385993731
1092,16,당산2동,female,8445.319782253568
1093,16,당산2동,male,8926.448660112503
1094,16,대림1동,female,3136.2185783153227
1095,16,대림1동,male,2845.927801359384
1096,16,대림2동,female,3130.3921475149086
1097,16,대림2동,male,3244.6489650160406
1098,16,대림3동,female,4353.3169760099
1099,16,대림3동,male,4709.193976077804
1100,16,대흥동,female,6310.663220353999
1101,16,대흥동,male,6313.819394912401
1102,16,도림동,female,2688.898116293886
1103,16,도림동,male,2736.2186467867123
1104,16,도화동,female,5564.818845357234
1105,16,도화동,male,4977.819782049523
1106,16,망원1동,female,6082.112309628117
1107,16,망원1동,male,5227.383046814771
1108,16,망원2동,female,3796.2280731898945
1109,16,망원2동,male,3610.509741698846
1110,16,문래동,female,8952.7616058107
1111,16,문래동,male,9371.556854491497
1112,16,상암동,female,10313.925067945129
1113,16,상암동,male,11152.956937959143
1114,16,서강동,female,6243.2553881913755
1115,16,서강동,male,6068.3676233801125
1116,16,서교동,female,25906.957052221183
1117,16,서교동,male,23136.57136191497
1118,16,성산1동,female,3593.8857536072333
1119,16,성산1동,male,3503.991063052487
1120,16,성산2동,female,7989.256268729323
1121,16,성산2동,male,7222.973142881809
1122,16,신길1동,female,3105.7196594281327
1123,16,신길1동,male,3422.044639185662
1124,16,신길3동,female,2607.314030503263
1125,16,신길3동,male,2530.9339446853087
1126,16,신길4동,female,1311.4151143135675
1127,16,신길4동,male,1298.4457894441753
1128,16,신길5동,female,1631.2360827707682
1129,16,신길5동,male,1605.5082559059208
1130,16,신길6동,female,3746.405589735965
1131,16,신길6동,male,3589.614232677946
1132,16,신길7동,female,2952.1622867371693
1133,16,신길7동,male,2894.9212194702172
1134,16,신수동,female,2667.664981469778
1135,16,신수동,male,2613.522979806255
1136,16,아현동,female,5342.922874734915
1137,16,아현동,male,4637.282461645829
1138,16,양평1동,female,4354.492092136652
1139,16,양평1동,male,4558.012077382748
1140,16,양평2동,female,6576.58899789494
1141,16,양평2동,male,7944.925419839946
1142,16,여의동,female,23833.10056490614
1143,16,여의동,male,31290.653682729
1144,16,연남동,female,2795.9616701467958
1145,16,연남동,male,2551.441331599828
1146,16,염리동,female,2344.0904928623286
1147,16,염리동,male,2024.0848316796032
1148,16,영등포동,female,15571.936006044587
1149,16,영등포동,male,15488.218263446888
1150,16,영등포본동,female,4657.746194401469
1151,16,영등포본동,male,4436.556259373652
1152,16,용강동,female,5108.776569484577
1153,16,용강동,male,4894.07769770314
1154,16,합정동,female,5975.292957227148
1155,16,합정동,male,5592.624847503117
1156,17,공덕동,female,7508.7011412980455
1157,17,공덕동,male,7034.336437331209
1158,17,당산1동,female,6529.918304485393
1159,17,당산1동,male,6900.486285143488
1160,17,당산2동,female,8359.930649160664
1161,17,당산2동,male,8716.165952886255
1162,17,대림1동,female,3074.2723062197274
1163,17,대림1동,male,2850.3431976013535
1164,17,대림2동,female,3226.3826567237575
1165,17,대림2동,male,3359.3143485269666
1166,17,대림3동,female,4458.210234358629
1167,17,대림3동,male,4848.662101440998
1168,17,대흥동,female,6088.296149453578
1169,17,대흥동,male,6307.3411439506945
1170,17,도림동,female,2853.1379458813317
1171,17,도림동,male,2935.2452126616045
1172,17,도화동,female,5501.703743473678
1173,17,도화동,male,5177.30037637921
1174,17,망원1동,female,6184.61189839878
1175,17,망원1동,male,5374.229520243433
1176,17,망원2동,female,3901.107075942079
1177,17,망원2동,male,3680.0131021479024
1178,17,문래동,female,8672.363085488936
1179,17,문래동,male,9021.307381720038
1180,17,상암동,female,9913.927169034941
1181,17,상암동,male,10601.894336845975
1182,17,서강동,female,6299.002719843779
1183,17,서강동,male,6059.866802040791
1184,17,서교동,female,26850.45974262064
1185,17,서교동,male,24025.5264835815
1186,17,성산1동,female,3621.1818820858916
1187,17,성산1동,male,3632.114042838744
1188,17,성산2동,female,8275.158668895621
1189,17,성산2동,male,7564.114391644475
1190,17,신길1동,female,3109.9882621314705
1191,17,신길1동,male,3346.931901304444
1192,17,신길3동,female,2725.4883848394625
1193,17,신길3동,male,2712.3355219661357
1194,17,신길4동,female,1347.1017025518765
1195,17,신길4동,male,1391.76680023603
1196,17,신길5동,female,1676.1931292231218
1197,17,신길5동,male,1699.4700799791103
1198,17,신길6동,female,3749.809710009679
1199,17,신길6동,male,3581.2043779291043
1200,17,신길7동,female,2979.107388536753
1201,17,신길7동,male,2995.477878737148
1202,17,신수동,female,2738.663653809144
1203,17,신수동,male,2724.8914953503026
1204,17,아현동,female,5227.680840779463
1205,17,아현동,male,4723.763984508777
1206,17,양평1동,female,4137.829897367152
1207,17,양평1동,male,4319.609411451448
1208,17,양평2동,female,6062.853163957359
1209,17,양평2동,male,7390.163645688219
1210,17,여의동,female,20648.133890408295
1211,17,여의동,male,25571.97284873397
1212,17,연남동,female,2967.7110700331596
1213,17,연남동,male,2631.131192390724
1214,17,염리동,female,2245.4565784181527
1215,17,염리동,male,2071.0240254339296
1216,17,영등포동,female,15453.352837210257
1217,17,영등포동,male,15424.495947015348
1218,17,영등포본동,female,4625.417309371085
1219,17,영등포본동,male,4429.38915539454
1220,17,용강동,female,5075.244495249565
1221,17,용강동,male,5022.606843544456
1222,17,합정동,female,6171.028850413153
1223,17,합정동,male,5733.382596571877
1224,18,공덕동,female,7364.9239100827945
1225,18,공덕동,male,7112.646005338536
1226,18,당산1동,female,5602.020948805757
1227,18,당산1동,male,6453.589771189857
1228,18,당산2동,female,8127.482421307789
1229,18,당산2동,male,8738.017744266397
1230,18,대림1동,female,3170.4881479836554
1231,18,대림1동,male,2994.117690177292
1232,18,대림2동,female,3056.6412025425393
1233,18,대림2동,male,3091.4877539183144
1234,18,대림3동,female,4384.930446803621
1235,18,대림3동,male,4780.5520551049285
1236,18,대흥동,female,6133.085164590203
1237,18,대흥동,male,6368.928965240757
1238,18,도림동,female,3058.362318293811
1239,18,도림동,male,3084.8518138822546
1240,18,도화동,female,5437.698302932263
1241,18,도화동,male,5443.561117650818
1242,18,망원1동,female,6495.927970359004
1243,18,망원1동,male,5604.275188869578
1244,18,망원2동,female,4049.566297760078
1245,18,망원2동,male,3882.2170087068653
1246,18,문래동,female,8304.950955571814
1247,18,문래동,male,8505.233354250655
1248,18,상암동,female,9150.83819029446
1249,18,상암동,male,9749.433041605238
1250,18,서강동,female,6431.562194362365
1251,18,서강동,male,5956.217207503016
1252,18,서교동,female,27730.166969681657
1253,18,서교동,male,24530.256411331015
1254,18,성산1동,female,3577.3666783797603
1255,18,성산1동,male,3556.780673030912
1256,18,성산2동,female,8050.69843594738
1257,18,성산2동,male,7264.582966364075
1258,18,신길1동,female,3222.7535241913743
1259,18,신길1동,male,3405.290522320103
1260,18,신길3동,female,2833.207162332511
1261,18,신길3동,male,2859.3380719204015
1262,18,신길4동,female,1419.1448580297174
1263,18,신길4동,male,1491.9645969639564
1264,18,신길5동,female,1724.0226362283831
1265,18,신길5동,male,1743.9000416915587
1266,18,신길6동,female,3927.8451038073713
1267,18,신길6동,male,3893.0251803883525
1268,18,신길7동,female,3067.3088859772724
1269,18,신길7동,male,3143.7346348633873
1270,18,신수동,female,2724.250926934016
1271,18,신수동,male,2717.610549687233
1272,18,아현동,female,5246.038923911818
1273,18,아현동,male,4820.427221769535
1274,18,양평1동,female,3964.3824094691604
1275,18,양평1동,male,4124.463079117407
1276,18,양평2동,female,5637.3940498358315
1277,18,양평2동,male,6791.631798909978
1278,18,여의동,female,17565.914071202384
1279,18,여의동,male,19992.842136954932
1280,18,연남동,female,3222.7902377345004
1281,18,연남동,male,2839.5349999449063
1282,18,염리동,female,2315.090896393022
1283,18,염리동,male,2177.6937691546027
1284,18,영등포동,female,14434.626515265267
1285,18,영등포동,male,14611.334179204232
1286,18,영등포본동,female,4658.100367884578
1287,18,영등포본동,male,4626.7023669725695
1288,18,용강동,female,5081.74839859227
1289,18,용강동,male,5276.208645099217
1290,18,합정동,female,6096.933404641556
1291,18,합정동,male,5802.964439054141
1292,19,공덕동,female,7331.47453446021
1293,19,공덕동,male,7098.96218404992
1294,19,당산1동,female,5182.648187324263
1295,19,당산1동,male,5935.462400298569
1296,19,당산2동,female,7528.472395377044
1297,19,당산2동,male,8092.7766536996405
1298,19,대림1동,female,3254.777356264086
1299,19,대림1동,male,3121.871297921801
1300,19,대림2동,female,3051.590360509168
1301,19,대림2동,male,3158.3818916641308
1302,19,대림3동,female,4394.894861401427
1303,19,대림3동,male,4701.771401690895
1304,19,대흥동,female,5580.55979595446
1305,19,대흥동,male,5785.940163997025
1306,19,도림동,female,3190.0707823331686
1307,19,도림동,male,3265.0322355256462
1308,19,도화동,female,5321.925343126092
1309,19,도화동,male,5330.997762359596
1310,19,망원1동,female,6411.88262598844
1311,19,망원1동,male,5685.897329304289
1312,19,망원2동,female,4089.792352583953
1313,19,망원2동,male,3864.1928619256732
1314,19,문래동,female,8088.562374155366
1315,19,문래동,male,8285.213538518836
1316,19,상암동,female,8664.71067013953
1317,19,상암동,male,8713.48745044787
1318,19,서강동,female,6519.054139312271
1319,19,서강동,male,6056.568490511482
1320,19,서교동,female,27214.937850279148
1321,19,서교동,male,24829.095864590294
1322,19,성산1동,female,3579.1216508901853
1323,19,성산1동,male,3457.864920524439
1324,19,성산2동,female,8081.561314939218
1325,19,성산2동,male,7277.439171713074
1326,19,신길1동,female,3076.687797487093
1327,19,신길1동,male,3265.889041534533
1328,19,신길3동,female,2841.195808730935
1329,19,신길3동,male,2907.0757703392624
1330,19,신길4동,female,1447.55222043957
1331,19,신길4동,male,1545.6719653911173
1332,19,신길5동,female,1753.9254998924657
1333,19,신길5동,male,1784.0640138958718
1334,19,신길6동,female,3959.8209439234784
1335,19,신길6동,male,3843.086051910574
1336,19,신길7동,female,3088.165357849051
1337,19,신길7동,male,3193.76795886337
1338,19,신수동,female,2776.9982956933522
1339,19,신수동,male,2830.28596941121
1340,19,아현동,female,4955.10193185818
1341,19,아현동,male,4648.058325633977
1342,19,양평1동,female,3832.8006992196774
1343,19,양평1동,male,3899.003255401446
1344,19,양평2동,female,5283.80099037071
1345,19,양평2동,male,6099.816293967674
1346,19,여의동,female,15789.21248493676
1347,19,여의동,male,17259.682416190633
1348,19,연남동,female,3424.8065447630574
1349,19,연남동,male,3062.3085584933683
1350,19,염리동,female,2217.9734017834353
1351,19,염리동,male,2100.9180383723333
1352,19,영등포동,female,13565.433564803043
1353,19,영등포동,male,13795.665685468723
1354,19,영등포본동,female,4662.880791761429
1355,19,영등포본동,male,4650.9461925423375
1356,19,용강동,female,5104.803144610323
1357,19,용강동,male,5291.491580573468
1358,19,합정동,female,5954.38409588052
1359,19,합정동,male,5776.475774360604
1360,20,공덕동,female,7380.623321602853
1361,20,공덕동,male,7131.448397799878
1362,20,당산1동,female,5070.864248063593
1363,20,당산1동,male,5633.3896659934135
1364,20,당산2동,female,7243.403482885363
1365,20,당산2동,male,7656.887833674067
1366,20,대림1동,female,3314.5950878152485
1367,20,대림1동,male,3116.168362132597
1368,20,대림2동,female,3069.579497886067
1369,20,대림2동,male,3068.2920057181564
1370,20,대림3동,female,4449.645716660903
1371,20,대림3동,male,4717.727508072558
1372,20,대흥동,female,5346.5142927388815
1373,20,대흥동,male,5520.3267419916765
1374,20,도림동,female,3247.568840303582
1375,20,도림동,male,3357.9217931727535
1376,20,도화동,female,5292.375992504204
1377,20,도화동,male,5246.32556395473
1378,20,망원1동,female,6180.180420547055
1379,20,망원1동,male,5592.864432927355
1380,20,망원2동,female,4130.79515386328
1381,20,망원2동,male,3925.4585918873504
1382,20,문래동,female,7961.986248758404
1383,20,문래동,male,8120.0501969767265
1384,20,상암동,female,8280.407032691279
1385,20,상암동,male,8334.268294909169
1386,20,서강동,female,6287.930710981541
1387,20,서강동,male,6072.527620022676
1388,20,서교동,female,25662.35258347628
1389,20,서교동,male,23962.552565403028
1390,20,성산1동,female,3652.3800876916434
1391,20,성산1동,male,3502.922961699281
1392,20,성산2동,female,8347.178724101144
1393,20,성산2동,male,7367.798546430357
1394,20,신길1동,female,3117.2278054546664
1395,20,신길1동,male,3289.284723467333
1396,20,신길3동,female,2930.830311562636
1397,20,신길3동,male,2932.7564139539136
1398,20,신길4동,female,1483.051613361302
1399,20,신길4동,male,1545.2038363978725
1400,20,신길5동,female,1811.9743789696
1401,20,신길5동,male,1779.4156853516158
1402,20,신길6동,female,3993.0743413198707
1403,20,신길6동,male,3876.122948292548
1404,20,신길7동,female,3203.581719720541
1405,20,신길7동,male,3338.631721612238
1406,20,신수동,female,2897.1422619930454
1407,20,신수동,male,2828.554042394269
1408,20,아현동,female,4928.415342783358
1409,20,아현동,male,4611.520083934533
1410,20,양평1동,female,3789.7700157636914
1411,20,양평1동,male,3915.6110170536604
1412,20,양평2동,female,5209.6411768983135
1413,20,양평2동,male,5841.905243061
1414,20,여의동,female,14635.041123053843
1415,20,여의동,male,15813.93751337453
1416,20,연남동,female,3407.489559008076
1417,20,연남동,male,3094.4941933932605
1418,20,염리동,female,2225.349602375647
1419,20,염리동,male,2096.884938239063
1420,20,영등포동,female,11970.596353379966
1421,20,영등포동,male,12909.069531909481
1422,20,영등포본동,female,4154.289128359932
1423,20,영등포본동,male,4397.197467207978
1424,20,용강동,female,4987.215703724898
1425,20,용강동,male,5183.563169768098
1426,20,합정동,female,5835.63542403919
1427,20,합정동,male,5658.265922446163
1428,21,공덕동,female,7428.246683804297
1429,21,공덕동,male,7147.645813658643
1430,21,당산1동,female,5119.213999235859
1431,21,당산1동,male,5622.194394950062
1432,21,당산2동,female,6990.866411760437
1433,21,당산2동,male,7415.82482232406
1434,21,대림1동,female,3265.7717034156362
1435,21,대림1동,male,3067.735888565315
1436,21,대림2동,female,3064.818504784118
1437,21,대림2동,male,3059.058149181924
1438,21,대림3동,female,4572.6656208828845
1439,21,대림3동,male,4720.27575406861
1440,21,대흥동,female,5120.118341469904
1441,21,대흥동,male,5293.574097624919
1442,21,도림동,female,3345.145906742627
1443,21,도림동,male,3411.1668405817622
1444,21,도화동,female,5168.783630370435
1445,21,도화동,male,4999.8476190299
1446,21,망원1동,female,6006.862309350669
1447,21,망원1동,male,5462.973670253626
1448,21,망원2동,female,4128.14037695359
1449,21,망원2동,male,3952.0803698430636
1450,21,문래동,female,7748.491510289887
1451,21,문래동,male,7822.835645348142
1452,21,상암동,female,7989.054567967779
1453,21,상암동,male,8079.462300888282
1454,21,서강동,female,6077.230840245602
1455,21,서강동,male,6019.763018231961
1456,21,서교동,female,23066.318470212536
1457,21,서교동,male,22499.53287527866
1458,21,성산1동,female,3712.145735456556
1459,21,성산1동,male,3469.4434798504617
1460,21,성산2동,female,8348.313912690228
1461,21,성산2동,male,7358.332650311338
1462,21,신길1동,female,3070.409660049741
1463,21,신길1동,male,3205.312587367686
1464,21,신길3동,female,2960.6086399607284
1465,21,신길3동,male,2964.121261934247
1466,21,신길4동,female,1547.6029674672259
1467,21,신길4동,male,1610.9114476026473
1468,21,신길5동,female,1804.6554441784572
1469,21,신길5동,male,1785.4400289651285
1470,21,신길6동,female,3984.0740837662765
1471,21,신길6동,male,3909.576041094821
1472,21,신길7동,female,3217.9564195826583
1473,21,신길7동,male,3285.9788654074205
1474,21,신수동,female,2973.3448152907877
1475,21,신수동,male,2904.7559310119004
1476,21,아현동,female,4978.7066753818
1477,21,아현동,male,4621.7660519345945
1478,21,양평1동,female,3576.7570103127287
1479,21,양평1동,male,3628.5206532428115
1480,21,양평2동,female,5185.245540998042
1481,21,양평2동,male,5756.703391850264
1482,21,여의동,female,12864.91024699611
1483,21,여의동,male,14186.5585530032
1484,21,연남동,female,3178.4073668211963
1485,21,연남동,male,2902.429160873074
1486,21,염리동,female,2279.258983784029
1487,21,염리동,male,2117.163619554266
1488,21,영등포동,female,10390.23071606791
1489,21,영등포동,male,11842.501541658778
1490,21,영등포본동,female,4097.693844969896
1491,21,영등포본동,male,4442.446551226445
1492,21,용강동,female,4789.452419854516
1493,21,용강동,male,4871.590139278267
1494,21,합정동,female,5571.03073326555
1495,21,합정동,male,5429.617414374915
1496,22,공덕동,female,7501.055985985301
1497,22,공덕동,male,7105.070622560036
1498,22,당산1동,female,4822.317299623176
1499,22,당산1동,male,5266.764132969903
1500,22,당산2동,female,6867.305508016355
1501,22,당산2동,male,7224.301183330835
1502,22,대림1동,female,3298.699314503114
1503,22,대림1동,male,3148.05049278
1504,22,대림2동,female,3187.0063597606304
1505,22,대림2동,male,3190.5845619493907
1506,22,대림3동,female,4613.2491964351475
1507,22,대림3동,male,4690.22717386601
1508,22,대흥동,female,4746.897340682102
1509,22,대흥동,male,4829.438388986561
1510,22,도림동,female,3512.7444559421956
1511,22,도림동,male,3553.5130900361705
1512,22,도화동,female,5290.712847157746
1513,22,도화동,male,5012.196368876763
1514,22,망원1동,female,5939.223501121447
1515,22,망원1동,male,5471.19095760747
1516,22,망원2동,female,4200.250908691852
1517,22,망원2동,male,3945.844619824985
1518,22,문래동,female,7604.892854487849
1519,22,문래동,male,7617.859314611468
1520,22,상암동,female,7945.714560908516
1521,22,상암동,male,7972.987562773843
1522,22,서강동,female,5936.582566945063
1523,22,서강동,male,5969.193029401949
1524,22,서교동,female,18184.840057374386
1525,22,서교동,male,19816.93007994094
1526,22,성산1동,female,3839.1045439813606
1527,22,성산1동,male,3504.4362162883867
1528,22,성산2동,female,8260.536042454
1529,22,성산2동,male,7324.344916571371
1530,22,신길1동,female,3173.503239664403
1531,22,신길1동,male,3278.3243762629036
1532,22,신길3동,female,3060.5108620389015
1533,22,신길3동,male,3042.229174104057
1534,22,신길4동,female,1642.7524986646772
1535,22,신길4동,male,1649.9639577261596
1536,22,신길5동,female,1866.2753007313288
1537,22,신길5동,male,1828.5512595486355
1538,22,신길6동,female,3950.2606763380577
1539,22,신길6동,male,3914.6186335004763
1540,22,신길7동,female,3302.1526626644586
1541,22,신길7동,male,3398.3168031000764
1542,22,신수동,female,3034.6623113633555
1543,22,신수동,male,2919.799189900181
1544,22,아현동,female,4958.650134548417
1545,22,아현동,male,4605.770307795881
1546,22,양평1동,female,3308.6056988369837
1547,22,양평1동,male,3384.1329591181075
1548,22,양평2동,female,5090.780873278755
1549,22,양평2동,male,5695.611833084849
1550,22,여의동,female,11231.81477909574
1551,22,여의동,male,12524.532594634047
1552,22,연남동,female,2953.865379786617
1553,22,연남동,male,2783.4829008901343
1554,22,염리동,female,2290.419418850793
1555,22,염리동,male,2081.6937094009763
1556,22,영등포동,female,8955.415706812119
1557,22,영등포동,male,10918.751461929864
1558,22,영등포본동,female,3898.781392161758
1559,22,영등포본동,male,4232.623466879
1560,22,용강동,female,4689.756344173967
1561,22,용강동,male,4740.61540144148
1562,22,합정동,female,5177.774937365251
1563,22,합정동,male,5241.420055327423
1564,23,공덕동,female,7645.412499553254
1565,23,공덕동,male,7142.075200395045
1566,23,당산1동,female,4807.755030525445
1567,23,당산1동,male,5234.237120465915
1568,23,당산2동,female,6430.942903583389
1569,23,당산2동,male,6668.910635415303
1570,23,대림1동,female,3308.2909182477897
1571,23,대림1동,male,3183.296704470971
1572,23,대림2동,female,3113.268935171696
1573,23,대림2동,male,3091.408616333521
1574,23,대림3동,female,4622.61452469071
1575,23,대림3동,male,4673.819967305083
1576,23,대흥동,female,4556.691245605272
1577,23,대흥동,male,4620.9273290882265
1578,23,도림동,female,3492.2467536369695
1579,23,도림동,male,3522.1839125653714
1580,23,도화동,female,5062.209735373093
1581,23,도화동,male,4896.198456317791
1582,23,망원1동,female,5714.503760251861
1583,23,망원1동,male,5439.620186626735
1584,23,망원2동,female,4174.2233686252475
1585,23,망원2동,male,3935.0678676636962
1586,23,문래동,female,7211.816267659126
1587,23,문래동,male,7333.987624302114
1588,23,상암동,female,7525.233286884461
1589,23,상암동,male,7628.32835808238
1590,23,서강동,female,5735.546930121295
1591,23,서강동,male,5899.999449912365
1592,23,서교동,female,15021.009493396647
1593,23,서교동,male,17783.62872792913
1594,23,성산1동,female,3932.9483736498714
1595,23,성산1동,male,3586.629799568775
1596,23,성산2동,female,8259.159992722742
1597,23,성산2동,male,7349.583864646531
1598,23,신길1동,female,3256.7296511806
1599,23,신길1동,male,3315.096173293543
1600,23,신길3동,female,3156.86824253668
1601,23,신길3동,male,3084.3417014991524
1602,23,신길4동,female,1699.5080468077936
1603,23,신길4동,male,1688.7877169301257
1604,23,신길5동,female,1896.7463972008427
1605,23,신길5동,male,1894.2926444575533
1606,23,신길6동,female,3994.63502537993
1607,23,신길6동,male,3995.341272088625
1608,23,신길7동,female,3320.4702446506517
1609,23,신길7동,male,3393.6171409407298
1610,23,신수동,female,3031.270746081345
1611,23,신수동,male,2964.287111900716
1612,23,아현동,female,4959.964509992678
1613,23,아현동,male,4568.496669100904
1614,23,양평1동,female,3240.693357783666
1615,23,양평1동,male,3314.543545756438
1616,23,양평2동,female,5010.476049523395
1617,23,양평2동,male,5475.2667212477845
1618,23,여의동,female,10178.717787475107
1619,23,여의동,male,11562.278680798396
1620,23,연남동,female,2750.367507796688
1621,23,연남동,male,2643.5523582926676
1622,23,염리동,female,2266.073173403238
1623,23,염리동,male,2061.9879985960297
1624,23,영등포동,female,8333.434325007489
1625,23,영등포동,male,10232.950222934303
1626,23,영등포본동,female,3675.3592262286966
1627,23,영등포본동,male,3949.204926900666
1628,23,용강동,female,4466.298791479848
1629,23,용강동,male,4513.142323734514
1630,23,합정동,female,4827.60139627213
1631,23,합정동,male,4912.320477568346
