index,hour,dong_name,성별,인구
0,0,당산1동,female,114.54084665240862
1,0,당산1동,male,289.71726427237627
2,0,당산2동,female,203.3036448639541
3,0,당산2동,male,462.07751575837665
4,0,대림1동,female,-7.363765228408738
5,0,대림1동,male,-43.9582951782827
6,0,대림2동,female,17.82660728437486
7,0,대림2동,male,47.456551248988944
8,0,대림3동,female,43.76135506658375
9,0,대림3동,male,106.83618474091872
10,0,도림동,female,2.839967675229218
11,0,도림동,male,-15.357089831320991
12,0,문래동,female,27.705200774898003
13,0,문래동,male,93.95687192651712
14,0,신길1동,female,50.108397295515715
15,0,신길1동,male,24.787061144770178
16,0,신길3동,female,18.51909683388294
17,0,신길3동,male,-24.972682026725124
18,0,신길4동,female,10.805709188611672
19,0,신길4동,male,-11.249492454494202
20,0,신길5동,female,6.923266162715663
21,0,신길5동,male,7.748008538266959
22,0,신길6동,female,45.285738385859986
23,0,신길6동,male,51.6056735597499
24,0,신길7동,female,48.17806924275328
25,0,신길7동,male,8.018082459544985
26,0,양평1동,female,3.753834001103314
27,0,양평1동,male,27.864098706869754
28,0,양평2동,female,76.18782546328384
29,0,양평2동,male,241.69401667851162
30,0,여의동,female,611.8555542617887
31,0,여의동,male,1318.163070924622
32,0,영등포동,female,296.55125531141584
33,0,영등포동,male,658.5425227158939
34,0,영등포본동,female,65.62452574162671
35,0,영등포본동,male,74.52767867512603
36,1,당산1동,female,34.29736811033035
37,1,당산1동,male,136.01857704556642
38,1,당산2동,female,11.518664663860363
39,1,당산2동,male,53.32292060027248
40,1,대림1동,female,103.35068670896453
41,1,대림1동,male,250.73881500565403
42,1,대림2동,female,33.70453141392136
43,1,대림2동,male,124.74316829337113
44,1,대림3동,female,12.499734224543317
45,1,대림3동,male,43.35732701956522
46,1,도림동,female,290.7990982263391
47,1,도림동,male,380.50724150394217
48,1,문래동,female,96.78111417390846
49,1,문래동,male,158.81090884861987
50,1,신길1동,female,1101.6795812555501
51,1,신길1동,male,1997.966975159885
52,1,신길3동,female,-0.003101267728197854
53,1,신길3동,male,-6.672364704806114
54,1,신길4동,female,61.86998875761492
55,1,신길4동,male,11.204068651017224
56,1,신길5동,female,27.084658720476455
57,1,신길5동,male,-34.98625290446125
58,1,신길6동,female,17.474268722169654
59,1,신길6동,male,86.22101078582364
60,1,신길7동,female,51.31616573150313
61,1,신길7동,male,98.90311650709054
62,1,양평1동,female,-4.04347352387822
63,1,양평1동,male,-26.967513013168627
64,1,양평2동,female,123.58709182713483
65,1,양평2동,male,169.0697545551966
66,1,여의동,female,104.44547457372664
67,1,여의동,male,324.7890496941691
68,1,영등포동,female,7992.063113210351
69,1,영등포동,male,9511.178531689962
70,1,영등포본동,female,3655.024479672982
71,1,영등포본동,male,3948.425112190172
72,2,당산1동,female,4910.745874115904
73,2,당산1동,male,5073.571023614228
74,2,당산2동,female,6727.269190659338
75,2,당산2동,male,6532.632834505271
76,2,대림1동,female,3506.9138676665384
77,2,대림1동,male,3503.8173221040247
78,2,대림2동,female,3202.032402391436
79,2,대림2동,male,3137.1211807620966
80,2,대림3동,female,4704.52291473877
81,2,대림3동,male,4726.728384847211
82,2,도림동,female,3729.8781179502803
83,2,도림동,male,3755.211166862068
84,2,문래동,female,7530.906904256223
85,2,문래동,male,7534.621340408861
86,2,신길1동,female,3450.800955603582
87,2,신길1동,male,3614.379995976696
88,2,신길3동,female,3296.279509563491
89,2,신길3동,male,3232.177393711333
90,2,신길4동,female,1742.3304671791122
91,2,신길4동,male,1747.7323029222734
92,2,신길5동,female,1939.290508896915
93,2,신길5동,male,1902.8858003517291
94,2,신길6동,female,4236.420210558983
95,2,신길6동,male,4093.304172745308
96,2,신길7동,female,3602.1907546166153
97,2,신길7동,male,3658.0115047037266
98,2,양평1동,female,3590.8084288522596
99,2,양평1동,male,3677.7407984893407
100,2,양평2동,female,5236.725286127855
101,2,양평2동,male,5556.654401906337
102,2,여의동,female,9581.280094035634
103,2,여의동,male,10407.473821733209
104,2,영등포동,female,7907.620476469605
105,2,영등포동,male,9246.015642648086
106,2,영등포본동,female,3642.607917073484
107,2,영등포본동,male,3935.887834964457
108,3,당산1동,female,4846.455766340852
109,3,당산1동,male,4979.161363933987
110,3,당산2동,female,6666.394482369056
111,3,당산2동,male,6425.16382151751
112,3,대림1동,female,3493.2797530019852
113,3,대림1동,male,3481.9328544766777
114,3,대림2동,female,3209.971455345452
115,3,대림2동,male,3110.8720652943884
116,3,대림3동,female,4684.727499700288
117,3,대림3동,male,4639.54255030211
118,3,도림동,female,3714.2146596509347
119,3,도림동,male,3741.9996567795633
120,3,문래동,female,7525.6203931035825
121,3,문래동,male,7525.686835632127
122,3,신길1동,female,3423.9020077817795
123,3,신길1동,male,3583.429582109783
124,3,신길3동,female,3280.5811878706036
125,3,신길3동,male,3235.7251795215598
126,3,신길4동,female,1737.3301021577986
127,3,신길4동,male,1748.9692416342946
128,3,신길5동,female,1937.3570925018666
129,3,신길5동,male,1904.624746377196
130,3,신길6동,female,4198.034761115913
131,3,신길6동,male,4057.7969583237186
132,3,신길7동,female,3573.2384853208237
133,3,신길7동,male,3644.8209410708246
134,3,양평1동,female,3575.2559965715977
135,3,양평1동,male,3648.7134582553476
136,3,양평2동,female,5216.704776157228
137,3,양평2동,male,5470.275958507951
138,3,여의동,female,9505.08530485398
139,3,여의동,male,10151.769877383413
140,3,영등포동,female,7825.453260533807
141,3,영등포동,male,9086.833569468074
142,3,영등포본동,female,3616.3536210982606
143,3,영등포본동,male,3891.1747088872407
144,4,당산1동,female,4876.448149169104
145,4,당산1동,male,4997.626483738189
146,4,당산2동,female,6661.407190084437
147,4,당산2동,male,6418.577646009885
148,4,대림1동,female,3474.93806980701
149,4,대림1동,male,3440.9137907165377
150,4,대림2동,female,3184.133411098847
151,4,대림2동,male,3091.9643715659436
152,4,대림3동,female,4633.334685030577
153,4,대림3동,male,4586.276918943299
154,4,도림동,female,3672.168188993213
155,4,도림동,male,3703.1888833788835
156,4,문래동,female,7511.616091951606
157,4,문래동,male,7518.758907667425
158,4,신길1동,female,3448.381856454573
159,4,신길1동,male,3569.9691307653998
160,4,신길3동,female,3235.5196746961865
161,4,신길3동,male,3237.9382281129647
162,4,신길4동,female,1734.2788870552947
163,4,신길4동,male,1737.814509400746
164,4,신길5동,female,1916.1474075648293
165,4,신길5동,male,1896.6463622040465
166,4,신길6동,female,4196.86021393801
167,4,신길6동,male,4044.8899285974044
168,4,신길7동,female,3551.4152385326893
169,4,신길7동,male,3608.745934338558
170,4,양평1동,female,3611.5043409163845
171,4,양평1동,male,3695.911594322582
172,4,양평2동,female,5285.995416825093
173,4,양평2동,male,5481.513613850094
174,4,여의동,female,9909.884950215175
175,4,여의동,male,10252.695847148
176,4,영등포동,female,7887.195467519468
177,4,영등포동,male,9031.644152265719
178,4,영등포본동,female,3662.74704947915
179,4,영등포본동,male,3860.9341909080526
180,5,당산1동,female,4921.048905198873
181,5,당산1동,male,5073.01742002404
182,5,당산2동,female,6785.460631127243
183,5,당산2동,male,6706.9903660703985
184,5,대림1동,female,3423.5374291261546
185,5,대림1동,male,3350.1885854789202
186,5,대림2동,female,3163.7292342657033
187,5,대림2동,male,3068.6894653181994
188,5,대림3동,female,4564.2850089387675
189,5,대림3동,male,4534.062676550051
190,5,도림동,female,3619.1777571497914
191,5,도림동,male,3609.946454594266
192,5,문래동,female,7548.117263984005
193,5,문래동,male,7548.760439221159
194,5,신길1동,female,3478.644214026891
195,5,신길1동,male,3597.4886830010573
196,5,신길3동,female,3167.3028350851296
197,5,신길3동,male,3115.6958500364626
198,5,신길4동,female,1688.7966600149393
199,5,신길4동,male,1694.5843292205109
200,5,신길5동,female,1902.0121180927179
201,5,신길5동,male,1868.7024492711505
202,5,신길6동,female,4207.873559691456
203,5,신길6동,male,4022.8298299029775
204,5,신길7동,female,3559.333306601581
205,5,신길7동,male,3620.9096464509107
206,5,양평1동,female,3589.6325176791274
207,5,양평1동,male,3709.3785502624073
208,5,양평2동,female,5343.69025721617
209,5,양평2동,male,5747.211200871971
210,5,여의동,female,10464.910426909026
211,5,여의동,male,11113.652348193495
212,5,영등포동,female,7920.864605167729
213,5,영등포동,male,9412.44713840562
214,5,영등포본동,female,3643.591035759119
215,5,영등포본동,male,3913.507205440978
216,6,당산1동,female,5002.950166817225
217,6,당산1동,male,5288.607143095694
218,6,당산2동,female,7017.711277280259
219,6,당산2동,male,7204.703432178871
220,6,대림1동,female,3410.352461902769
221,6,대림1동,male,3222.2012260580123
222,6,대림2동,female,3133.9882275536625
223,6,대림2동,male,3124.892159295671
224,6,대림3동,female,4524.780122877025
225,6,대림3동,male,4481.426229016095
226,6,도림동,female,3534.6043146463926
227,6,도림동,male,3437.623637422856
228,6,문래동,female,7685.304415323538
229,6,문래동,male,7957.056732978307
230,6,신길1동,female,3452.140088728952
231,6,신길1동,male,3630.035986922778
232,6,신길3동,female,3095.4002417473293
233,6,신길3동,male,2987.782483009602
234,6,신길4동,female,1635.724125613059
235,6,신길4동,male,1636.7322644939277
236,6,신길5동,female,1883.3255876915882
237,6,신길5동,male,1827.8557513173703
238,6,신길6동,female,4214.728633135863
239,6,신길6동,male,4029.0293012983043
240,6,신길7동,female,3527.670625036391
241,6,신길7동,male,3511.5671752265
242,6,양평1동,female,3557.2306670521293
243,6,양평1동,male,3798.8722142563806
244,6,양평2동,female,5469.130288591161
245,6,양평2동,male,6262.975727938109
246,6,여의동,female,11782.463096175574
247,6,여의동,male,14352.020525660007
248,6,영등포동,female,8166.223644113799
249,6,영등포동,male,9948.923666412737
250,6,영등포본동,female,3620.902593774589
251,6,영등포본동,male,3963.3079260090362
252,7,당산1동,female,5668.851560379357
253,7,당산1동,male,5884.218005119515
254,7,당산2동,female,8024.958486999794
255,7,당산2동,male,8218.045874124606
256,7,대림1동,female,3275.459981970215
257,7,대림1동,male,3005.9170270994964
258,7,대림2동,female,3323.06741385484
259,7,대림2동,male,3296.9662784205548
260,7,대림3동,female,4827.823209963661
261,7,대림3동,male,4769.986940952669
262,7,도림동,female,3338.453739008819
263,7,도림동,male,3232.6829085372874
264,7,문래동,female,8069.420071775633
265,7,문래동,male,8618.69422918256
266,7,신길1동,female,3827.355227156365
267,7,신길1동,male,3972.848449109261
268,7,신길3동,female,2924.809790341978
269,7,신길3동,male,2833.10889321501
270,7,신길4동,female,1507.1282032632603
271,7,신길4동,male,1478.8108659973554
272,7,신길5동,female,1850.9586473703612
273,7,신길5동,male,1753.6367707235493
274,7,신길6동,female,4224.324223185367
275,7,신길6동,male,3896.4934354103575
276,7,신길7동,female,3428.4410402508947
277,7,신길7동,male,3440.8143446109316
278,7,양평1동,female,3641.017612440018
279,7,양평1동,male,4091.2373491740927
280,7,양평2동,female,5882.281455218007
281,7,양평2동,male,7219.9936731361495
282,7,여의동,female,18101.569252857364
283,7,여의동,male,26257.208807565607
284,7,영등포동,female,9408.673765768626
285,7,영등포동,male,11511.658930850805
286,7,영등포본동,female,4014.1188406529895
287,7,영등포본동,male,4197.100963321512
288,8,당산1동,female,6771.37679542097
289,8,당산1동,male,6500.2047935428745
290,8,당산2동,female,8427.102146625679
291,8,당산2동,male,8241.348950851983
292,8,대림1동,female,3194.9084388705
293,8,대림1동,male,2797.659292110634
294,8,대림2동,female,3037.8738471093016
295,8,대림2동,male,2891.747711932245
296,8,대림3동,female,4554.8264551137445
297,8,대림3동,male,4558.765069396317
298,8,도림동,female,2860.899875954719
299,8,도림동,male,2731.213743076495
300,8,문래동,female,9244.143234148147
301,8,문래동,male,10101.128236344943
302,8,신길1동,female,3089.3267540506085
303,8,신길1동,male,3145.7226550157466
304,8,신길3동,female,2697.0976139246463
305,8,신길3동,male,2532.3141691569135
306,8,신길4동,female,1334.893185888322
307,8,신길4동,male,1289.184478044995
308,8,신길5동,female,1766.8242286063903
309,8,신길5동,male,1687.7478924331335
310,8,신길6동,female,3957.059824646249
311,8,신길6동,male,3631.2598468002448
312,8,신길7동,female,3164.5232600342833
313,8,신길7동,male,3049.6351513330737
314,8,양평1동,female,4029.6061111201966
315,8,양평1동,male,4822.018786420167
316,8,양평2동,female,6767.3678937441055
317,8,양평2동,male,7776.667744672601
318,8,여의동,female,26620.63792089952
319,8,여의동,male,37965.81152270689
320,8,영등포동,female,10787.230821803883
321,8,영등포동,male,12159.651146257069
322,8,영등포본동,female,3886.487254824047
323,8,영등포본동,male,4010.3610376217753
324,9,당산1동,female,7165.416654296391
325,9,당산1동,male,6672.642599820416
326,9,당산2동,female,8551.806306254326
327,9,당산2동,male,8172.721252823828
328,9,대림1동,female,3242.7103526583296
329,9,대림1동,male,2738.0773250188195
330,9,대림2동,female,2755.7597090431213
331,9,대림2동,male,2725.0941459679784
332,9,대림3동,female,4368.336634571488
333,9,대림3동,male,4542.022890189749
334,9,도림동,female,2590.60055307751
335,9,도림동,male,2507.5315640799677
336,9,문래동,female,9619.982768679854
337,9,문래동,male,10619.2746082501
338,9,신길1동,female,2815.8931971167685
339,9,신길1동,male,3032.6445527450683
340,9,신길3동,female,2552.032239030584
341,9,신길3동,male,2436.394912522885
342,9,신길4동,female,1251.126048055212
343,9,신길4동,male,1228.4711444289894
344,9,신길5동,female,1691.5490106998336
345,9,신길5동,male,1624.9384003093282
346,9,신길6동,female,3835.338419557713
347,9,신길6동,male,3423.1275964794627
348,9,신길7동,female,2980.6273981525824
349,9,신길7동,male,2916.4378893118305
350,9,양평1동,female,4481.456565766875
351,9,양평1동,male,5096.858613044535
352,9,양평2동,female,6962.514231451218
353,9,양평2동,male,8133.859428852294
354,9,여의동,female,30594.30096453864
355,9,여의동,male,41504.95336757603
356,9,영등포동,female,11796.010210649658
357,9,영등포동,male,12855.995151106155
358,9,영등포본동,female,3762.0860544759776
359,9,영등포본동,male,3759.879447625167
360,10,당산1동,female,7117.308015625798
361,10,당산1동,male,6870.9205746299895
362,10,당산2동,female,8213.103676790064
363,10,당산2동,male,8008.939486637175
364,10,대림1동,female,3217.6818831051846
365,10,대림1동,male,2685.4271195028123
366,10,대림2동,female,2661.6275816463817
367,10,대림2동,male,2635.449832915056
368,10,대림3동,female,4204.191815493563
369,10,대림3동,male,4412.043322347293
370,10,도림동,female,2547.5240370008632
371,10,도림동,male,2470.258066539889
372,10,문래동,female,9685.425201791679
373,10,문래동,male,10800.883622563633
374,10,신길1동,female,2768.0094818084513
375,10,신길1동,male,2929.97564301239
376,10,신길3동,female,2565.1945064141382
377,10,신길3동,male,2378.31948221053
378,10,신길4동,female,1227.7771406004733
379,10,신길4동,male,1231.1349656174102
380,10,신길5동,female,1651.670714426353
381,10,신길5동,male,1614.2223090592267
382,10,신길6동,female,3700.0939724655773
383,10,신길6동,male,3271.6482408290562
384,10,신길7동,female,2884.1660980149004
385,10,신길7동,male,2788.846724994952
386,10,양평1동,female,4694.564864246525
387,10,양평1동,male,5292.12102443391
388,10,양평2동,female,6965.871758578724
389,10,양평2동,male,8166.212940493307
390,10,여의동,female,31738.42918672418
391,10,여의동,male,42404.7854345563
392,10,영등포동,female,13116.885394170262
393,10,영등포동,male,13479.197750686782
394,10,영등포본동,female,3870.2821282285777
395,10,영등포본동,male,3815.471737522135
396,11,당산1동,female,7188.644368568351
397,11,당산1동,male,7038.972502417659
398,11,당산2동,female,8070.225247355303
399,11,당산2동,male,7988.7458415518995
400,11,대림1동,female,3141.6832171159135
401,11,대림1동,male,2682.8059916019993
402,11,대림2동,female,2736.12680366741
403,11,대림2동,male,2688.8946663536017
404,11,대림3동,female,4307.657138350062
405,11,대림3동,male,4649.562587046655
406,11,도림동,female,2485.4693596717434
407,11,도림동,male,2468.0311709800944
408,11,문래동,female,9769.480910597395
409,11,문래동,male,10770.036675907822
410,11,신길1동,female,2782.001040659827
411,11,신길1동,male,2955.427603464061
412,11,신길3동,female,2509.5501125134692
413,11,신길3동,male,2411.1281432784212
414,11,신길4동,female,1195.46055305571
415,11,신길4동,male,1225.5262331824117
416,11,신길5동,female,1609.2465710368913
417,11,신길5동,male,1605.6588812153955
418,11,신길6동,female,3674.1058193453305
419,11,신길6동,male,3293.931130813017
420,11,신길7동,female,2827.415172080228
421,11,신길7동,male,2658.234373191535
422,11,양평1동,female,4667.92079239943
423,11,양평1동,male,5243.391156152922
424,11,양평2동,female,6929.933922166817
425,11,양평2동,male,8193.252443960855
426,11,여의동,female,31182.60851923219
427,11,여의동,male,42833.1290763199
428,11,영등포동,female,14464.18166750688
429,11,영등포동,male,14327.358422503017
430,11,영등포본동,female,4005.5893869180563
431,11,영등포본동,male,3795.751405340832
432,12,당산1동,female,7107.68560866247
433,12,당산1동,male,6985.48918988334
434,12,당산2동,female,8157.588068817353
435,12,당산2동,male,8111.711870188031
436,12,대림1동,female,3049.841101841252
437,12,대림1동,male,2601.920188464798
438,12,대림2동,female,2822.131161919059
439,12,대림2동,male,2743.928227007929
440,12,대림3동,female,4288.192434878191
441,12,대림3동,male,4698.311876950248
442,12,도림동,female,2458.8671079415253
443,12,도림동,male,2482.45786683811
444,12,문래동,female,9720.607690453344
445,12,문래동,male,10680.604778258568
446,12,신길1동,female,2703.7799021452397
447,12,신길1동,male,2848.300478676561
448,12,신길3동,female,2489.0965461115798
449,12,신길3동,male,2387.3916986569075
450,12,신길4동,female,1195.4357764001238
451,12,신길4동,male,1190.2777653950466
452,12,신길5동,female,1625.877245341132
453,12,신길5동,male,1629.9477317455867
454,12,신길6동,female,3631.4938852159194
455,12,신길6동,male,3350.08959769328
456,12,신길7동,female,2793.6227035971256
457,12,신길7동,male,2699.807431923486
458,12,양평1동,female,4594.730034585534
459,12,양평1동,male,5084.253339887923
460,12,양평2동,female,6786.744416904773
461,12,양평2동,male,8044.8123782745
462,12,여의동,female,30601.618636861196
463,12,여의동,male,41847.28504357418
464,12,영등포동,female,14731.063184825869
465,12,영등포동,male,14454.70353967374
466,12,영등포본동,female,4235.214247226187
467,12,영등포본동,male,3947.154231550046
468,13,당산1동,female,6924.936796631103
469,13,당산1동,male,7028.260849589497
470,13,당산2동,female,7882.905240954467
471,13,당산2동,male,7881.707036474088
472,13,대림1동,female,3020.858774399803
473,13,대림1동,male,2620.9162378261585
474,13,대림2동,female,2846.622099680099
475,13,대림2동,male,2724.32809806837
476,13,대림3동,female,4287.609311699978
477,13,대림3동,male,4639.845131475687
478,13,도림동,female,2474.6377994212426
479,13,도림동,male,2508.8001790045714
480,13,문래동,female,9695.876369096355
481,13,문래동,male,10611.168385650712
482,13,신길1동,female,2757.370055363419
483,13,신길1동,male,2978.975269991095
484,13,신길3동,female,2464.164384856938
485,13,신길3동,male,2355.3024566373624
486,13,신길4동,female,1231.1545588385252
487,13,신길4동,male,1195.5943116524281
488,13,신길5동,female,1564.7375984462742
489,13,신길5동,male,1616.341067239726
490,13,신길6동,female,3579.289811605971
491,13,신길6동,male,3277.975915456266
492,13,신길7동,female,2705.902355834779
493,13,신길7동,male,2678.022052095296
494,13,양평1동,female,4558.764923305212
495,13,양평1동,male,5016.367897830696
496,13,양평2동,female,6674.860299935352
497,13,양평2동,male,7979.255715938125
498,13,여의동,female,29736.161175089674
499,13,여의동,male,40598.296984880726
500,13,영등포동,female,14967.959689965928
501,13,영등포동,male,14872.593625162752
502,13,영등포본동,female,4140.61998504605
503,13,영등포본동,male,3866.4924980590004
504,14,당산1동,female,6836.52092838902
505,14,당산1동,male,6928.674382439879
506,14,당산2동,female,7971.483959731646
507,14,당산2동,male,8119.946413439871
508,14,대림1동,female,3109.5820553220324
509,14,대림1동,male,2680.1321720141277
510,14,대림2동,female,2891.750062979184
511,14,대림2동,male,2839.4149543273347
512,14,대림3동,female,4281.314892958954
513,14,대림3동,male,4715.571228275008
514,14,도림동,female,2501.5913511488
515,14,도림동,male,2512.799835594207
516,14,문래동,female,9349.6969788155
517,14,문래동,male,10164.178467991216
518,14,신길1동,female,2769.889092753797
519,14,신길1동,male,2860.9969612475106
520,14,신길3동,female,2471.717634973966
521,14,신길3동,male,2370.268235769189
522,14,신길4동,female,1236.2299139661734
523,14,신길4동,male,1206.1021330610845
524,14,신길5동,female,1564.6660508378461
525,14,신길5동,male,1562.3299611008238
526,14,신길6동,female,3616.7808728491955
527,14,신길6동,male,3306.9249563597373
528,14,신길7동,female,2737.142593173052
529,14,신길7동,male,2767.092731315497
530,14,양평1동,female,4430.181274059641
531,14,양평1동,male,4884.87487724639
532,14,양평2동,female,6615.632965047789
533,14,양평2동,male,8110.8873658022
534,14,여의동,female,28272.48433592762
535,14,여의동,male,38679.344631087915
536,14,영등포동,female,15278.874444017161
537,14,영등포동,male,15332.752412387395
538,14,영등포본동,female,4286.664915163872
539,14,영등포본동,male,3952.2600989218886
540,15,당산1동,female,6757.529180316914
541,15,당산1동,male,6825.388467944656
542,15,당산2동,female,8028.29430244069
543,15,당산2동,male,8462.683146587104
544,15,대림1동,female,3133.141350499124
545,15,대림1동,male,2777.614086612366
546,15,대림2동,female,3031.182298940322
547,15,대림2동,male,2975.4048538867014
548,15,대림3동,female,4399.619035274765
549,15,대림3동,male,4659.651440974445
550,15,도림동,female,2642.2316958880215
551,15,도림동,male,2640.517808549468
552,15,문래동,female,9389.484944343358
553,15,문래동,male,9902.018642457653
554,15,신길1동,female,2854.2677824420007
555,15,신길1동,male,2964.5075108692977
556,15,신길3동,female,2563.682199750311
557,15,신길3동,male,2485.458728790663
558,15,신길4동,female,1259.9557286395263
559,15,신길4동,male,1274.8026000551065
560,15,신길5동,female,1591.0243585120038
561,15,신길5동,male,1544.5722641053173
562,15,신길6동,female,3601.4782000990735
563,15,신길6동,male,3371.149114110348
564,15,신길7동,female,2871.6122294513502
565,15,신길7동,male,2848.536919343318
566,15,양평1동,female,4338.83741099305
567,15,양평1동,male,4601.120567799762
568,15,양평2동,female,6418.56743421283
569,15,양평2동,male,7875.262368805726
570,15,여의동,female,26133.339378183853
571,15,여의동,male,35847.03997256715
572,15,영등포동,female,15624.80721664807
573,15,영등포동,male,15799.719660415432
574,15,영등포본동,female,4514.912526731771
575,15,영등포본동,male,4269.2670477505635
576,16,당산1동,female,6706.068665906946
577,16,당산1동,male,6961.184385993731
578,16,당산2동,female,8445.319782253568
579,16,당산2동,male,8926.448660112503
580,16,대림1동,female,3136.2185783153227
581,16,대림1동,male,2845.927801359384
582,16,대림2동,female,3130.3921475149086
583,16,대림2동,male,3244.6489650160406
584,16,대림3동,female,4353.3169760099
585,16,대림3동,male,4709.193976077804
586,16,도림동,female,2688.898116293886
587,16,도림동,male,2736.2186467867123
588,16,문래동,female,8952.7616058107
589,16,문래동,male,9371.556854491497
590,16,신길1동,female,3105.7196594281327
591,16,신길1동,male,3422.044639185662
592,16,신길3동,female,2607.314030503263
593,16,신길3동,male,2530.9339446853087
594,16,신길4동,female,1311.4151143135675
595,16,신길4동,male,1298.4457894441753
596,16,신길5동,female,1631.2360827707682
597,16,신길5동,male,1605.5082559059208
598,16,신길6동,female,3746.405589735965
599,16,신길6동,male,3589.614232677946
600,16,신길7동,female,2952.1622867371693
601,16,신길7동,male,2894.9212194702172
602,16,양평1동,female,4354.492092136652
603,16,양평1동,male,4558.012077382748
604,16,양평2동,female,6576.58899789494
605,16,양평2동,male,7944.925419839946
606,16,여의동,female,23833.10056490614
607,16,여의동,male,31290.653682729
608,16,영등포동,female,15571.936006044587
609,16,영등포동,male,15488.218263446888
610,16,영등포본동,female,4657.746194401469
611,16,영등포본동,male,4436.556259373652
612,17,당산1동,female,6529.918304485393
613,17,당산1동,male,6900.486285143488
614,17,당산2동,female,8359.930649160664
615,17,당산2동,male,8716.165952886255
616,17,대림1동,female,3074.2723062197274
617,17,대림1동,male,2850.3431976013535
618,17,대림2동,female,3226.3826567237575
619,17,대림2동,male,3359.3143485269666
620,17,대림3동,female,4458.210234358629
621,17,대림3동,male,4848.662101440998
622,17,도림동,female,2853.1379458813317
623,17,도림동,male,2935.2452126616045
624,17,문래동,female,8672.363085488936
625,17,문래동,male,9021.307381720038
626,17,신길1동,female,3109.9882621314705
627,17,신길1동,male,3346.931901304444
628,17,신길3동,female,2725.4883848394625
629,17,신길3동,male,2712.3355219661357
630,17,신길4동,female,1347.1017025518765
631,17,신길4동,male,1391.76680023603
632,17,신길5동,female,1676.1931292231218
633,17,신길5동,male,1699.4700799791103
634,17,신길6동,female,3749.809710009679
635,17,신길6동,male,3581.2043779291043
636,17,신길7동,female,2979.107388536753
637,17,신길7동,male,2995.477878737148
638,17,양평1동,female,4137.829897367152
639,17,양평1동,male,4319.609411451448
640,17,양평2동,female,6062.853163957359
641,17,양평2동,male,7390.163645688219
642,17,여의동,female,20648.133890408295
643,17,여의동,male,25571.97284873397
644,17,영등포동,female,15453.352837210257
645,17,영등포동,male,15424.495947015348
646,17,영등포본동,female,4625.417309371085
647,17,영등포본동,male,4429.38915539454
648,18,당산1동,female,5602.020948805757
649,18,당산1동,male,6453.589771189857
650,18,당산2동,female,8127.482421307789
651,18,당산2동,male,8738.017744266397
652,18,대림1동,female,3170.4881479836554
653,18,대림1동,male,2994.117690177292
654,18,대림2동,female,3056.6412025425393
655,18,대림2동,male,3091.4877539183144
656,18,대림3동,female,4384.930446803621
657,18,대림3동,male,4780.5520551049285
658,18,도림동,female,3058.362318293811
659,18,도림동,male,3084.8518138822546
660,18,문래동,female,8304.950955571814
661,18,문래동,male,8505.233354250655
662,18,신길1동,female,3222.7535241913743
663,18,신길1동,male,3405.290522320103
664,18,신길3동,female,2833.207162332511
665,18,신길3동,male,2859.3380719204015
666,18,신길4동,female,1419.1448580297174
667,18,신길4동,male,1491.9645969639564
668,18,신길5동,female,1724.0226362283831
669,18,신길5동,male,1743.9000416915587
670,18,신길6동,female,3927.8451038073713
671,18,신길6동,male,3893.0251803883525
672,18,신길7동,female,3067.3088859772724
673,18,신길7동,male,3143.7346348633873
674,18,양평1동,female,3964.3824094691604
675,18,양평1동,male,4124.463079117407
676,18,양평2동,female,5637.3940498358315
677,18,양평2동,male,6791.631798909978
678,18,여의동,female,17565.914071202384
679,18,여의동,male,19992.842136954932
680,18,영등포동,female,14434.626515265267
681,18,영등포동,male,14611.334179204232
682,18,영등포본동,female,4658.100367884578
683,18,영등포본동,male,4626.7023669725695
684,19,당산1동,female,5182.648187324263
685,19,당산1동,male,5935.462400298569
686,19,당산2동,female,7528.472395377044
687,19,당산2동,male,8092.7766536996405
688,19,대림1동,female,3254.777356264086
689,19,대림1동,male,3121.871297921801
690,19,대림2동,female,3051.590360509168
691,19,대림2동,male,3158.3818916641308
692,19,대림3동,female,4394.894861401427
693,19,대림3동,male,4701.771401690895
694,19,도림동,female,3190.0707823331686
695,19,도림동,male,3265.0322355256462
696,19,문래동,female,8088.562374155366
697,19,문래동,male,8285.213538518836
698,19,신길1동,female,3076.687797487093
699,19,신길1동,male,3265.889041534533
700,19,신길3동,female,2841.195808730935
701,19,신길3동,male,2907.0757703392624
702,19,신길4동,female,1447.55222043957
703,19,신길4동,male,1545.6719653911173
704,19,신길5동,female,1753.9254998924657
705,19,신길5동,male,1784.0640138958718
706,19,신길6동,female,3959.8209439234784
707,19,신길6동,male,3843.086051910574
708,19,신길7동,female,3088.165357849051
709,19,신길7동,male,3193.76795886337
710,19,양평1동,female,3832.8006992196774
711,19,양평1동,male,3899.003255401446
712,19,양평2동,female,5283.80099037071
713,19,양평2동,male,6099.816293967674
714,19,여의동,female,15789.21248493676
715,19,여의동,male,17259.682416190633
716,19,영등포동,female,13565.433564803043
717,19,영등포동,male,13795.665685468723
718,19,영등포본동,female,4662.880791761429
719,19,영등포본동,male,4650.9461925423375
720,20,당산1동,female,5070.864248063593
721,20,당산1동,male,5633.3896659934135
722,20,당산2동,female,7243.403482885363
723,20,당산2동,male,7656.887833674067
724,20,대림1동,female,3314.5950878152485
725,20,대림1동,male,3116.168362132597
726,20,대림2동,female,3069.579497886067
727,20,대림2동,male,3068.2920057181564
728,20,대림3동,female,4449.645716660903
729,20,대림3동,male,4717.727508072558
730,20,도림동,female,3247.568840303582
731,20,도림동,male,3357.9217931727535
732,20,문래동,female,7961.986248758404
733,20,문래동,male,8120.0501969767265
734,20,신길1동,female,3117.2278054546664
735,20,신길1동,male,3289.284723467333
736,20,신길3동,female,2930.830311562636
737,20,신길3동,male,2932.7564139539136
738,20,신길4동,female,1483.051613361302
739,20,신길4동,male,1545.2038363978725
740,20,신길5동,female,1811.9743789696
741,20,신길5동,male,1779.4156853516158
742,20,신길6동,female,3993.0743413198707
743,20,신길6동,male,3876.122948292548
744,20,신길7동,female,3203.581719720541
745,20,신길7동,male,3338.631721612238
746,20,양평1동,female,3789.7700157636914
747,20,양평1동,male,3915.6110170536604
748,20,양평2동,female,5209.6411768983135
749,20,양평2동,male,5841.905243061
750,20,여의동,female,14635.041123053843
751,20,여의동,male,15813.93751337453
752,20,영등포동,female,11970.596353379966
753,20,영등포동,male,12909.069531909481
754,20,영등포본동,female,4154.289128359932
755,20,영등포본동,male,4397.197467207978
756,21,당산1동,female,5119.213999235859
757,21,당산1동,male,5622.194394950062
758,21,당산2동,female,6990.866411760437
759,21,당산2동,male,7415.82482232406
760,21,대림1동,female,3265.7717034156362
761,21,대림1동,male,3067.735888565315
762,21,대림2동,female,3064.818504784118
763,21,대림2동,male,3059.058149181924
764,21,대림3동,female,4572.6656208828845
765,21,대림3동,male,4720.27575406861
766,21,도림동,female,3345.145906742627
767,21,도림동,male,3411.1668405817622
768,21,문래동,female,7748.491510289887
769,21,문래동,male,7822.835645348142
770,21,신길1동,female,3070.409660049741
771,21,신길1동,male,3205.312587367686
772,21,신길3동,female,2960.6086399607284
773,21,신길3동,male,2964.121261934247
774,21,신길4동,female,1547.6029674672259
775,21,신길4동,male,1610.9114476026473
776,21,신길5동,female,1804.6554441784572
777,21,신길5동,male,1785.4400289651285
778,21,신길6동,female,3984.0740837662765
779,21,신길6동,male,3909.576041094821
780,21,신길7동,female,3217.9564195826583
781,21,신길7동,male,3285.9788654074205
782,21,양평1동,female,3576.7570103127287
783,21,양평1동,male,3628.5206532428115
784,21,양평2동,female,5185.245540998042
785,21,양평2동,male,5756.703391850264
786,21,여의동,female,12864.91024699611
787,21,여의동,male,14186.5585530032
788,21,영등포동,female,10390.23071606791
789,21,영등포동,male,11842.501541658778
790,21,영등포본동,female,4097.693844969896
791,21,영등포본동,male,4442.446551226445
792,22,당산1동,female,4822.317299623176
793,22,당산1동,male,5266.764132969903
794,22,당산2동,female,6867.305508016355
795,22,당산2동,male,7224.301183330835
796,22,대림1동,female,3298.699314503114
797,22,대림1동,male,3148.05049278
798,22,대림2동,female,3187.0063597606304
799,22,대림2동,male,3190.5845619493907
800,22,대림3동,female,4613.2491964351475
801,22,대림3동,male,4690.22717386601
802,22,도림동,female,3512.7444559421956
803,22,도림동,male,3553.5130900361705
804,22,문래동,female,7604.892854487849
805,22,문래동,male,7617.859314611468
806,22,신길1동,female,3173.503239664403
807,22,신길1동,male,3278.3243762629036
808,22,신길3동,female,3060.5108620389015
809,22,신길3동,male,3042.229174104057
810,22,신길4동,female,1642.7524986646772
811,22,신길4동,male,1649.9639577261596
812,22,신길5동,female,1866.2753007313288
813,22,신길5동,male,1828.5512595486355
814,22,신길6동,female,3950.2606763380577
815,22,신길6동,male,3914.6186335004763
816,22,신길7동,female,3302.1526626644586
817,22,신길7동,male,3398.3168031000764
818,22,양평1동,female,3308.6056988369837
819,22,양평1동,male,3384.1329591181075
820,22,양평2동,female,5090.780873278755
821,22,양평2동,male,5695.611833084849
822,22,여의동,female,11231.81477909574
823,22,여의동,male,12524.532594634047
824,22,영등포동,female,8955.415706812119
825,22,영등포동,male,10918.751461929864
826,22,영등포본동,female,3898.781392161758
827,22,영등포본동,male,4232.623466879
828,23,당산1동,female,4807.755030525445
829,23,당산1동,male,5234.237120465915
830,23,당산2동,female,6430.942903583389
831,23,당산2동,male,6668.910635415303
832,23,대림1동,female,3308.2909182477897
833,23,대림1동,male,3183.296704470971
834,23,대림2동,female,3113.268935171696
835,23,대림2동,male,3091.408616333521
836,23,대림3동,female,4622.61452469071
837,23,대림3동,male,4673.819967305083
838,23,도림동,female,3492.2467536369695
839,23,도림동,male,3522.1839125653714
840,23,문래동,female,7211.816267659126
841,23,문래동,male,7333.987624302114
842,23,신길1동,female,3256.7296511806
843,23,신길1동,male,3315.096173293543
844,23,신길3동,female,3156.86824253668
845,23,신길3동,male,3084.3417014991524
846,23,신길4동,female,1699.5080468077936
847,23,신길4동,male,1688.7877169301257
848,23,신길5동,female,1896.7463972008427
849,23,신길5동,male,1894.2926444575533
850,23,신길6동,female,3994.63502537993
851,23,신길6동,male,3995.341272088625
852,23,신길7동,female,3320.4702446506517
853,23,신길7동,male,3393.6171409407298
854,23,양평1동,female,3240.693357783666
855,23,양평1동,male,3314.543545756438
856,23,양평2동,female,5010.476049523395
857,23,양평2동,male,5475.2667212477845
858,23,여의동,female,10178.717787475107
859,23,여의동,male,11562.278680798396
860,23,영등포동,female,8333.434325007489
861,23,영등포동,male,10232.950222934303
862,23,영등포본동,female,3675.3592262286966
863,23,영등포본동,male,3949.204926900666
864,0,공덕동,female,8359.776753254353
865,0,공덕동,male,7549.914762802597
866,0,대흥동,female,5092.23841935104
867,0,대흥동,male,5072.456429489634
868,0,도화동,female,5292.798685442653
869,0,도화동,male,4848.759526602206
870,0,망원1동,female,5897.905087476088
871,0,망원1동,male,5339.2874150876005
872,0,망원2동,female,4367.698022875917
873,0,망원2동,male,4001.86841228621
874,0,상암동,female,7811.877814878125
875,0,상암동,male,7743.659075377223
876,0,서강동,female,5911.330832016673
877,0,서강동,male,5865.478139560664
878,0,서교동,female,11307.732949124365
879,0,서교동,male,12913.10994394475
880,0,성산1동,female,4214.3486873610145
881,0,성산1동,male,3772.1674600372216
882,0,성산2동,female,8629.221202262912
883,0,성산2동,male,7547.432369719627
884,0,신수동,female,3282.5223836852597
885,0,신수동,male,3190.2607436205108
886,0,아현동,female,5297.033748531964
887,0,아현동,male,4805.363378518714
888,0,연남동,female,2789.4230938354303
889,0,연남동,male,2550.045160410578
890,0,염리동,female,2470.4639995065254
891,0,염리동,male,2278.1698654533343
892,0,용강동,female,4716.6682509334205
893,0,용강동,male,4569.501609680555
894,0,합정동,female,4742.864035272152
895,0,합정동,male,4609.349825039997
896,1,공덕동,female,8319.414073352806
897,1,공덕동,male,7488.563329522831
898,1,대흥동,female,5086.996302825533
899,1,대흥동,male,5006.3870488385
900,1,도화동,female,5250.452577620403
901,1,도화동,male,4716.2900443510625
902,1,망원1동,female,5958.6316934464985
903,1,망원1동,male,5310.964295481029
904,1,망원2동,female,4370.545545330786
905,1,망원2동,male,3969.6224700344233
906,1,상암동,female,7649.171952400092
907,1,상암동,male,7541.579138328155
908,1,서강동,female,5879.953660817317
909,1,서강동,male,5868.934132344824
910,1,서교동,female,10721.561101149737
911,1,서교동,male,12041.613369371968
912,1,성산1동,female,4251.159556118627
913,1,성산1동,male,3788.342099377579
914,1,성산2동,female,8606.301092114198
915,1,성산2동,male,7519.7335829581725
916,1,신수동,female,3253.6825572754565
917,1,신수동,male,3206.916301029811
918,1,아현동,female,5308.653304331984
919,1,아현동,male,4770.525707767558
920,1,연남동,female,2750.9115926074737
921,1,연남동,male,2494.488943936691
922,1,염리동,female,2464.855709514457
923,1,염리동,male,2281.9434695496807
924,1,용강동,female,4692.302529642079
925,1,용강동,male,4491.330703225488
926,1,합정동,female,4699.924346255659
927,1,합정동,male,4489.874376445673
928,2,공덕동,female,8354.434818248339
929,2,공덕동,male,7481.042185412349
930,2,대흥동,female,5082.301808603174
931,2,대흥동,male,4961.850302834077
932,2,도화동,female,5220.299109991025
933,2,도화동,male,4672.097933085319
934,2,망원1동,female,5901.668261383721
935,2,망원1동,male,5180.292230109779
936,2,망원2동,female,4365.117348184115
937,2,망원2동,male,3958.351230575356
938,2,상암동,female,7575.873484876032
939,2,상암동,male,7424.998888507781
940,2,서강동,female,5841.099899956029
941,2,서강동,male,5761.246512398079
942,2,서교동,female,10428.462578401648
943,2,서교동,male,11524.882248564669
944,2,성산1동,female,4227.751776512814
945,2,성산1동,male,3791.596663813257
946,2,성산2동,female,8604.169690306273
947,2,성산2동,male,7528.203253298486
948,2,신수동,female,3243.4070849235454
949,2,신수동,male,3194.4058514910107
950,2,아현동,female,5285.98615014013
951,2,아현동,male,4768.975361296953
952,2,연남동,female,2730.290224138175
953,2,연남동,male,2477.3103559592705
954,2,염리동,female,2477.8500295315325
955,2,염리동,male,2287.3123490744997
956,2,용강동,female,4649.339795923624
957,2,용강동,male,4461.512537208678
958,2,합정동,female,4702.328299153299
959,2,합정동,male,4349.9674689216745
960,3,공덕동,female,8325.479385144023
961,3,공덕동,male,7413.89618575703
962,3,대흥동,female,5080.719754687179
963,3,대흥동,male,5019.133508889361
964,3,도화동,female,5189.447998733688
965,3,도화동,male,4598.020711596552
966,3,망원1동,female,5864.2005560621665
967,3,망원1동,male,5214.544246794229
968,3,망원2동,female,4355.198288651373
969,3,망원2동,male,3958.511085266645
970,3,상암동,female,7521.078716651786
971,3,상암동,male,7363.151833873281
972,3,서강동,female,5814.549717842765
973,3,서강동,male,5706.667230712044
974,3,서교동,female,10206.053367868815
975,3,서교동,male,10915.142968784865
976,3,성산1동,female,4214.351788628743
977,3,성산1동,male,3778.8398247420278
978,3,성산2동,female,8567.351213505297
979,3,성산2동,male,7536.22830106861
980,3,신수동,female,3255.4377249647832
981,3,신수동,male,3225.246996524972
982,3,아현동,female,5279.5594798097945
983,3,아현동,male,4719.14236773289
984,3,연남동,female,2738.106928103927
985,3,연남동,male,2451.1420439034873
986,3,염리동,female,2474.5074730304036
987,3,염리동,male,2305.137378466503
988,3,용강동,female,4593.081159106286
989,3,용강동,male,4400.431855125358
990,3,합정동,female,4638.418560698426
991,3,합정동,male,4284.560775345828
992,4,공덕동,female,8239.171461415915
993,4,공덕동,male,7420.890268367192
994,4,대흥동,female,5047.2045830690495
995,4,대흥동,male,4982.938781835975
996,4,도화동,female,5154.934529389892
997,4,도화동,male,4560.983111982548
998,4,망원1동,female,5861.834284950224
999,4,망원1동,male,5127.447218918626
1000,4,망원2동,female,4318.987050033599
1001,4,망원2동,male,3905.8526972271725
1002,4,상암동,female,7510.190118345818
1003,4,상암동,male,7339.410482303792
1004,4,서강동,female,5785.252116425044
1005,4,서강동,male,5639.339926041651
1006,4,서교동,female,10054.642166106347
1007,4,서교동,male,10635.459504490655
1008,4,성산1동,female,4195.210918375974
1009,4,성산1동,male,3761.87060093484
1010,4,성산2동,female,8522.439558606031
1011,4,성산2동,male,7530.9688854933165
1012,4,신수동,female,3241.2837044330618
1013,4,신수동,male,3163.6569169208224
1014,4,아현동,female,5288.355802178242
1015,4,아현동,male,4740.618472008728
1016,4,연남동,female,2703.288461751053
1017,4,연남동,male,2469.0563287056507
1018,4,염리동,female,2457.307473775759
1019,4,염리동,male,2279.9348199353913
1020,4,용강동,female,4557.703063272512
1021,4,용강동,male,4359.414955509837
1022,4,합정동,female,4585.759371676095
1023,4,합정동,male,4261.887148235497
1024,5,공덕동,female,8188.595775168903
1025,5,공덕동,male,7398.752642014543
1026,5,대흥동,female,5122.975404038579
1027,5,대흥동,male,5182.8681602102615
1028,5,도화동,female,5180.320329916014
1029,5,도화동,male,4585.825072206784
1030,5,망원1동,female,5771.818359976568
1031,5,망원1동,male,5141.307492792266
1032,5,망원2동,female,4237.728535160217
1033,5,망원2동,male,3900.4434496619515
1034,5,상암동,female,7708.901505888226
1035,5,상암동,male,7649.963147707583
1036,5,서강동,female,5730.655234916659
1037,5,서강동,male,5641.017000678951
1038,5,서교동,female,10026.966670177137
1039,5,서교동,male,10704.215061459809
1040,5,성산1동,female,4167.44768131086
1041,5,성산1동,male,3735.7042550171705
1042,5,성산2동,female,8497.929693231014
1043,5,성산2동,male,7671.19134046715
1044,5,신수동,female,3199.960997758421
1045,5,신수동,male,3156.7624470746955
1046,5,아현동,female,5292.519853932504
1047,5,아현동,male,4774.569422651215
1048,5,연남동,female,2689.0040650616806
1049,5,연남동,male,2446.3019757878283
1050,5,염리동,female,2452.599276468298
1051,5,염리동,male,2277.221815877428
1052,5,용강동,female,4554.438955491393
1053,5,용강동,male,4376.4904450608055
1054,5,합정동,female,4599.6508046802
1055,5,합정동,male,4339.840227894473
1056,6,공덕동,female,8186.756783153862
1057,6,공덕동,male,7396.632924182868
1058,6,대흥동,female,5220.719735491793
1059,6,대흥동,male,5373.325310634013
1060,6,도화동,female,5161.871624297766
1061,6,도화동,male,4612.257301805566
1062,6,망원1동,female,5738.594589669492
1063,6,망원1동,male,5117.094150734471
1064,6,망원2동,female,4191.8755570198455
1065,6,망원2동,male,3830.941139393979
1066,6,상암동,female,7952.464239568376
1067,6,상암동,male,8141.009416636436
1068,6,서강동,female,5721.849312818404
1069,6,서강동,male,5588.138933398034
1070,6,서교동,female,10431.41432390241
1071,6,서교동,male,11423.939144889548
1072,6,성산1동,female,4135.795422626747
1073,6,성산1동,male,3708.7503070477414
1074,6,성산2동,female,8549.736366199404
1075,6,성산2동,male,7562.373338349472
1076,6,신수동,female,3164.1428304176798
1077,6,신수동,male,3100.1019616723524
1078,6,아현동,female,5287.807113981178
1079,6,아현동,male,4865.018053030556
1080,6,연남동,female,2660.353481966346
1081,6,연남동,male,2437.1024056522433
1082,6,염리동,female,2444.0287008191394
1083,6,염리동,male,2243.25872090228
1084,6,용강동,female,4546.747973367757
1085,6,용강동,male,4480.616657677482
1086,6,합정동,female,4649.280776974555
1087,6,합정동,male,4616.036030879915
1088,7,공덕동,female,7904.714363269797
1089,7,공덕동,male,7225.622343370052
1090,7,대흥동,female,5588.717973542619
1091,7,대흥동,male,5788.633505371441
1092,7,도화동,female,5110.404825505784
1093,7,도화동,male,4662.778266899062
1094,7,망원1동,female,5453.174122645044
1095,7,망원1동,male,4832.936345082748
1096,7,망원2동,female,3848.899954065262
1097,7,망원2동,male,3483.7061724035398
1098,7,상암동,female,9126.758231225574
1099,7,상암동,male,9818.347472262843
1100,7,서강동,female,5680.593351513844
1101,7,서강동,male,5539.580952534349
1102,7,서교동,female,12161.727530746797
1103,7,서교동,male,13085.964197689333
1104,7,성산1동,female,4091.5105007320544
1105,7,성산1동,male,3562.789655356558
1106,7,성산2동,female,8269.32689619486
1107,7,성산2동,male,7242.082048270532
1108,7,신수동,female,3005.4050264746147
1109,7,신수동,male,2985.524290741072
1110,7,아현동,female,5447.013268937039
1111,7,아현동,male,4833.992313053766
1112,7,연남동,female,2655.7870547689367
1113,7,연남동,male,2429.290814251492
1114,7,염리동,female,2661.5637420573353
1115,7,염리동,male,2274.9047217576294
1116,7,용강동,female,4593.2055969865905
1117,7,용강동,male,4567.788337990618
1118,7,합정동,female,5079.3629328171555
1119,7,합정동,male,5026.723266670348
1120,8,공덕동,female,7890.408341422354
1121,8,공덕동,male,6967.415555252314
1122,8,대흥동,female,6090.879929966625
1123,8,대흥동,male,6287.090674245714
1124,8,도화동,female,5622.589062578654
1125,8,도화동,male,4911.945538931285
1126,8,망원1동,female,4829.270607153426
1127,8,망원1동,male,4195.310200038181
1128,8,망원2동,female,3422.220184124913
1129,8,망원2동,male,3018.0365848493134
1130,8,상암동,female,10926.400453956829
1131,8,상암동,male,12101.00198534607
1132,8,서강동,female,5614.813254483941
1133,8,서강동,male,5397.042659302941
1134,8,서교동,female,15396.547321372516
1135,8,서교동,male,15084.123169289014
1136,8,성산1동,female,4028.8875798130994
1137,8,성산1동,male,3537.1162627280823
1138,8,성산2동,female,7695.939504162101
1139,8,성산2동,male,6761.018153325003
1140,8,신수동,female,2864.858015702966
1141,8,신수동,male,2915.808202859079
1142,8,아현동,female,5662.583264908127
1143,8,아현동,male,4726.776473533993
1144,8,연남동,female,2477.0989245742026
1145,8,연남동,male,2365.9765527637387
1146,8,염리동,female,2867.802007357042
1147,8,염리동,male,2348.4960030288703
1148,8,용강동,female,5193.278260531408
1149,8,용강동,male,5120.476481149227
1150,8,합정동,female,5443.269936346786
1151,8,합정동,male,4853.231422763184
1152,9,공덕동,female,7768.340972190706
1153,9,공덕동,male,6901.095726814609
1154,9,대흥동,female,6367.042509527861
1155,9,대흥동,male,6596.42598344161
1156,9,도화동,female,5686.633226074802
1157,9,도화동,male,4868.507358163315
1158,9,망원1동,female,4772.220091075089
1159,9,망원1동,male,4167.151497755944
1160,9,망원2동,female,3210.2035633059936
1161,9,망원2동,male,2986.8164333721757
1162,9,상암동,female,11432.898669920949
1163,9,상암동,male,12669.396480831345
1164,9,서강동,female,5980.231251308824
1165,9,서강동,male,5809.509701773076
1166,9,서교동,female,17760.385951962187
1167,9,서교동,male,17303.562445787975
1168,9,성산1동,female,3940.4898777763847
1169,9,성산1동,male,3479.924036975787
1170,9,성산2동,female,7462.33559843513
1171,9,성산2동,male,6534.5446305556425
1172,9,신수동,female,2725.86969005713
1173,9,신수동,male,2762.166467872178
1174,9,아현동,female,5647.181067937268
1175,9,아현동,male,4665.197915376274
1176,9,연남동,female,2473.6312718372983
1177,9,연남동,male,2372.514323762554
1178,9,염리동,female,2857.543779147087
1179,9,염리동,male,2363.1571945138426
1180,9,용강동,female,5334.954410955119
1181,9,용강동,male,5047.529186544453
1182,9,합정동,female,5483.896342737358
1183,9,합정동,male,4966.218501057127
1184,10,공덕동,female,7706.655925550758
1185,10,공덕동,male,6747.0496807617565
1186,10,대흥동,female,6625.310509012249
1187,10,대흥동,male,7121.283118299572
1188,10,도화동,female,5630.917171553658
1189,10,도화동,male,4818.188519453736
1190,10,망원1동,female,5008.271215235485
1191,10,망원1동,male,4261.599938392705
1192,10,망원2동,female,3162.543118660992
1193,10,망원2동,male,2940.8653931484864
1194,10,상암동,female,11401.242899224657
1195,10,상암동,male,12504.040539759842
1196,10,서강동,female,6188.323942904617
1197,10,서강동,male,6045.785157800406
1198,10,서교동,female,19577.07998173801
1199,10,서교동,male,18734.444937406915
1200,10,성산1동,female,3825.4905355924493
1201,10,성산1동,male,3504.7000415384946
1202,10,성산2동,female,7359.073812203732
1203,10,성산2동,male,6414.22033370054
1204,10,신수동,female,2613.2437186049133
1205,10,신수동,male,2714.3960838938738
1206,10,아현동,female,5574.925959107198
1207,10,아현동,male,4539.946627093056
1208,10,연남동,female,2510.536374082446
1209,10,연남동,male,2400.088502017366
1210,10,염리동,female,2787.4662802708813
1211,10,염리동,male,2343.540354100948
1212,10,용강동,female,5349.416911990806
1213,10,용강동,male,5072.245127258167
1214,10,합정동,female,5590.056453486147
1215,10,합정동,male,5262.6571113526325
1216,11,공덕동,female,7733.580539454864
1217,11,공덕동,male,6852.104917552167
1218,11,대흥동,female,6811.961243642685
1219,11,대흥동,male,7207.648515863493
1220,11,도화동,female,5803.597521020697
1221,11,도화동,male,5110.887991448721
1222,11,망원1동,female,5134.651525052315
1223,11,망원1동,male,4368.085077706566
1224,11,망원2동,female,3168.677772639831
1225,11,망원2동,male,2978.9461207831264
1226,11,상암동,female,11518.042873763048
1227,11,상암동,male,12375.072994313194
1228,11,서강동,female,6274.440788344
1229,11,서강동,male,6150.330045885688
1230,11,서교동,female,21265.60542086116
1231,11,서교동,male,20199.65346531194
1232,11,성산1동,female,3687.6009750747708
1233,11,성산1동,male,3458.0086561881258
1234,11,성산2동,female,7324.702169344129
1235,11,성산2동,male,6232.163488471163
1236,11,신수동,female,2544.5500547767833
1237,11,신수동,male,2678.9669895255515
1238,11,아현동,female,5521.815485450768
1239,11,아현동,male,4443.030896154212
1240,11,연남동,female,2632.305599261075
1241,11,연남동,male,2515.5691519375405
1242,11,염리동,female,2761.6055311437844
1243,11,염리동,male,2293.1545475524517
1244,11,용강동,female,5615.934681845218
1245,11,용강동,male,5330.679139170545
1246,11,합정동,female,5666.480755956692
1247,11,합정동,male,5337.2352244610665
1248,12,공덕동,female,7662.709733467098
1249,12,공덕동,male,6797.863406105056
1250,12,대흥동,female,6746.120247423197
1251,12,대흥동,male,7056.552831881144
1252,12,도화동,female,5738.260418378751
1253,12,도화동,male,4992.7737732268415
1254,12,망원1동,female,5254.192401049766
1255,12,망원1동,male,4460.950982990888
1256,12,망원2동,female,3267.110972860256
1257,12,망원2동,male,3018.391966657863
1258,12,상암동,female,11644.118164657506
1259,12,상암동,male,12540.019603156707
1260,12,서강동,female,6217.971584026674
1261,12,서강동,male,6180.54286356628
1262,12,서교동,female,22878.46900844422
1263,12,서교동,male,21012.818693963003
1264,12,성산1동,female,3704.8229182764458
1265,12,성산1동,male,3426.762825677822
1266,12,성산2동,female,7178.004679056149
1267,12,성산2동,male,6251.099393996298
1268,12,신수동,female,2552.552229240802
1269,12,신수동,male,2701.545916131895
1270,12,아현동,female,5592.393180082476
1271,12,아현동,male,4619.526201766611
1272,12,연남동,female,2723.353197950885
1273,12,연남동,male,2463.5511788630506
1274,12,염리동,female,2751.118990488244
1275,12,염리동,male,2279.0095327392314
1276,12,용강동,female,5592.221755211813
1277,12,용강동,male,5317.082802855713
1278,12,합정동,female,5793.477054747698
1279,12,합정동,male,5329.303115167702
1280,13,공덕동,female,7585.232722702824
1281,13,공덕동,male,6672.5420656600145
1282,13,대흥동,female,6719.269529831148
1283,13,대흥동,male,7081.903726133756
1284,13,도화동,female,5635.103081985058
1285,13,도화동,male,4930.882524444925
1286,13,망원1동,female,5257.091923919608
1287,13,망원1동,male,4418.34166884859
1288,13,망원2동,female,3286.4580301924216
1289,13,망원2동,male,2987.544459323848
1290,13,상암동,female,11464.202141484107
1291,13,상암동,male,12414.2862462589
1292,13,서강동,female,6393.910890695463
1293,13,서강동,male,6210.6563486009445
1294,13,서교동,female,23620.008050652217
1295,13,서교동,male,21719.274117207522
1296,13,성산1동,female,3652.6431759442703
1297,13,성산1동,male,3428.6261332016365
1298,13,성산2동,female,7274.201137715325
1299,13,성산2동,male,6338.806338167037
1300,13,신수동,female,2629.4386214546716
1301,13,신수동,male,2591.414685615563
1302,13,아현동,female,5494.850734789622
1303,13,아현동,male,4576.565147089786
1304,13,연남동,female,2714.2173275496025
1305,13,연남동,male,2435.127873752146
1306,13,염리동,female,2720.445684364527
1307,13,염리동,male,2228.301309876961
1308,13,용강동,female,5411.9025473379415
1309,13,용강동,male,5178.28331331018
1310,13,합정동,female,5715.5832208929405
1311,13,합정동,male,5206.462146300064
1312,14,공덕동,female,7469.283938741401
1313,14,공덕동,male,6617.941693432268
1314,14,대흥동,female,6545.132306457388
1315,14,대흥동,male,6798.726065619917
1316,14,도화동,female,5471.799547406409
1317,14,도화동,male,4685.936920824014
1318,14,망원1동,female,5492.801357363551
1319,14,망원1동,male,4664.22539583744
1320,14,망원2동,female,3412.489479647857
1321,14,망원2동,male,3066.394012291559
1322,14,상암동,female,11252.208091091681
1323,14,상암동,male,12075.065991796972
1324,14,서강동,female,6426.936526700637
1325,14,서강동,male,6154.3472736556805
1326,14,서교동,female,23882.92226299966
1327,14,서교동,male,21640.46546550554
1328,14,성산1동,female,3542.5941618078477
1329,14,성산1동,male,3483.9191003928718
1330,14,성산2동,female,7413.278265209341
1331,14,성산2동,male,6512.638956280966
1332,14,신수동,female,2595.1836694714116
1333,14,신수동,male,2597.6704777122823
1334,14,아현동,female,5324.795901519499
1335,14,아현동,male,4449.198668450475
1336,14,연남동,female,2649.4623782116396
1337,14,연남동,male,2427.4420259626936
1338,14,염리동,female,2538.1052998230857
1339,14,염리동,male,2073.850012545095
1340,14,용강동,female,5219.697197980399
1341,14,용강동,male,4965.679212135909
1342,14,합정동,female,5717.79565262036
1343,14,합정동,male,5278.439618275974
1344,15,공덕동,female,7420.615255650254
1345,15,공덕동,male,6669.347494241925
1346,15,대흥동,female,6556.4952018525855
1347,15,대흥동,male,6667.508369266116
1348,15,도화동,female,5502.281931055578
1349,15,도화동,male,4779.850209510526
1350,15,망원1동,female,5735.744387447599
1351,15,망원1동,male,4921.84442323025
1352,15,망원2동,female,3556.2856667560627
1353,15,망원2동,male,3279.5936378514634
1354,15,상암동,female,10887.776930603231
1355,15,상암동,male,11583.241358341184
1356,15,서강동,female,6437.631684023704
1357,15,서강동,male,6364.0395339504985
1358,15,서교동,female,25007.84830341793
1359,15,서교동,male,22770.382351910826
1360,15,성산1동,female,3568.0836059989947
1361,15,성산1동,male,3429.6060690787176
1362,15,성산2동,female,7621.885378391288
1363,15,성산2동,male,6875.780521408853
1364,15,신수동,female,2624.6813420083436
1365,15,신수동,male,2632.1815470047436
1366,15,아현동,female,5373.7997054689795
1367,15,아현동,male,4497.863312472588
1368,15,연남동,female,2718.0302841696416
1369,15,연남동,male,2461.484972051643
1370,15,염리동,female,2535.2838141431344
1371,15,염리동,male,2026.7832850004565
1372,15,용강동,female,5205.537779477961
1373,15,용강동,male,4905.745402982517
1374,15,합정동,female,6020.329543210027
1375,15,합정동,male,5567.2071273720985
1376,16,공덕동,female,7491.565058021465
1377,16,공덕동,male,6926.753983776261
1378,16,대흥동,female,6310.663220353999
1379,16,대흥동,male,6313.819394912401
1380,16,도화동,female,5564.818845357234
1381,16,도화동,male,4977.819782049523
1382,16,망원1동,female,6082.112309628117
1383,16,망원1동,male,5227.383046814771
1384,16,망원2동,female,3796.2280731898945
1385,16,망원2동,male,3610.509741698846
1386,16,상암동,female,10313.925067945129
1387,16,상암동,male,11152.956937959143
1388,16,서강동,female,6243.2553881913755
1389,16,서강동,male,6068.3676233801125
1390,16,서교동,female,25906.957052221183
1391,16,서교동,male,23136.57136191497
1392,16,성산1동,female,3593.8857536072333
1393,16,성산1동,male,3503.991063052487
1394,16,성산2동,female,7989.256268729323
1395,16,성산2동,male,7222.973142881809
1396,16,신수동,female,2667.664981469778
1397,16,신수동,male,2613.522979806255
1398,16,아현동,female,5342.922874734915
1399,16,아현동,male,4637.282461645829
1400,16,연남동,female,2795.9616701467958
1401,16,연남동,male,2551.441331599828
1402,16,염리동,female,2344.0904928623286
1403,16,염리동,male,2024.0848316796032
1404,16,용강동,female,5108.776569484577
1405,16,용강동,male,4894.07769770314
1406,16,합정동,female,5975.292957227148
1407,16,합정동,male,5592.624847503117
1408,17,공덕동,female,7508.7011412980455
1409,17,공덕동,male,7034.336437331209
1410,17,대흥동,female,6088.296149453578
1411,17,대흥동,male,6307.3411439506945
1412,17,도화동,female,5501.703743473678
1413,17,도화동,male,5177.30037637921
1414,17,망원1동,female,6184.61189839878
1415,17,망원1동,male,5374.229520243433
1416,17,망원2동,female,3901.107075942079
1417,17,망원2동,male,3680.0131021479024
1418,17,상암동,female,9913.927169034941
1419,17,상암동,male,10601.894336845975
1420,17,서강동,female,6299.002719843779
1421,17,서강동,male,6059.866802040791
1422,17,서교동,female,26850.45974262064
1423,17,서교동,male,24025.5264835815
1424,17,성산1동,female,3621.1818820858916
1425,17,성산1동,male,3632.114042838744
1426,17,성산2동,female,8275.158668895621
1427,17,성산2동,male,7564.114391644475
1428,17,신수동,female,2738.663653809144
1429,17,신수동,male,2724.8914953503026
1430,17,아현동,female,5227.680840779463
1431,17,아현동,male,4723.763984508777
1432,17,연남동,female,2967.7110700331596
1433,17,연남동,male,2631.131192390724
1434,17,염리동,female,2245.4565784181527
1435,17,염리동,male,2071.0240254339296
1436,17,용강동,female,5075.244495249565
1437,17,용강동,male,5022.606843544456
1438,17,합정동,female,6171.028850413153
1439,17,합정동,male,5733.382596571877
1440,18,공덕동,female,7364.9239100827945
1441,18,공덕동,male,7112.646005338536
1442,18,대흥동,female,6133.085164590203
1443,18,대흥동,male,6368.928965240757
1444,18,도화동,female,5437.698302932263
1445,18,도화동,male,5443.561117650818
1446,18,망원1동,female,6495.927970359004
1447,18,망원1동,male,5604.275188869578
1448,18,망원2동,female,4049.566297760078
1449,18,망원2동,male,3882.2170087068653
1450,18,상암동,female,9150.83819029446
1451,18,상암동,male,9749.433041605238
1452,18,서강동,female,6431.562194362365
1453,18,서강동,male,5956.217207503016
1454,18,서교동,female,27730.166969681657
1455,18,서교동,male,24530.256411331015
1456,18,성산1동,female,3577.3666783797603
1457,18,성산1동,male,3556.780673030912
1458,18,성산2동,female,8050.69843594738
1459,18,성산2동,male,7264.582966364075
1460,18,신수동,female,2724.250926934016
1461,18,신수동,male,2717.610549687233
1462,18,아현동,female,5246.038923911818
1463,18,아현동,male,4820.427221769535
1464,18,연남동,female,3222.7902377345004
1465,18,연남동,male,2839.5349999449063
1466,18,염리동,female,2315.090896393022
1467,18,염리동,male,2177.6937691546027
1468,18,용강동,female,5081.74839859227
1469,18,용강동,male,5276.208645099217
1470,18,합정동,female,6096.933404641556
1471,18,합정동,male,5802.964439054141
1472,19,공덕동,female,7331.47453446021
1473,19,공덕동,male,7098.96218404992
1474,19,대흥동,female,5580.55979595446
1475,19,대흥동,male,5785.940163997025
1476,19,도화동,female,5321.925343126092
1477,19,도화동,male,5330.997762359596
1478,19,망원1동,female,6411.88262598844
1479,19,망원1동,male,5685.897329304289
1480,19,망원2동,female,4089.792352583953
1481,19,망원2동,male,3864.1928619256732
1482,19,상암동,female,8664.71067013953
1483,19,상암동,male,8713.48745044787
1484,19,서강동,female,6519.054139312271
1485,19,서강동,male,6056.568490511482
1486,19,서교동,female,27214.937850279148
1487,19,서교동,male,24829.095864590294
1488,19,성산1동,female,3579.1216508901853
1489,19,성산1동,male,3457.864920524439
1490,19,성산2동,female,8081.561314939218
1491,19,성산2동,male,7277.439171713074
1492,19,신수동,female,2776.9982956933522
1493,19,신수동,male,2830.28596941121
1494,19,아현동,female,4955.10193185818
1495,19,아현동,male,4648.058325633977
1496,19,연남동,female,3424.8065447630574
1497,19,연남동,male,3062.3085584933683
1498,19,염리동,female,2217.9734017834353
1499,19,염리동,male,2100.9180383723333
1500,19,용강동,female,5104.803144610323
1501,19,용강동,male,5291.491580573468
1502,19,합정동,female,5954.38409588052
1503,19,합정동,male,5776.475774360604
1504,20,공덕동,female,7380.623321602853
1505,20,공덕동,male,7131.448397799878
1506,20,대흥동,female,5346.5142927388815
1507,20,대흥동,male,5520.3267419916765
1508,20,도화동,female,5292.375992504204
1509,20,도화동,male,5246.32556395473
1510,20,망원1동,female,6180.180420547055
1511,20,망원1동,male,5592.864432927355
1512,20,망원2동,female,4130.79515386328
1513,20,망원2동,male,3925.4585918873504
1514,20,상암동,female,8280.407032691279
1515,20,상암동,male,8334.268294909169
1516,20,서강동,female,6287.930710981541
1517,20,서강동,male,6072.527620022676
1518,20,서교동,female,25662.35258347628
1519,20,서교동,male,23962.552565403028
1520,20,성산1동,female,3652.3800876916434
1521,20,성산1동,male,3502.922961699281
1522,20,성산2동,female,8347.178724101144
1523,20,성산2동,male,7367.798546430357
1524,20,신수동,female,2897.1422619930454
1525,20,신수동,male,2828.554042394269
1526,20,아현동,female,4928.415342783358
1527,20,아현동,male,4611.520083934533
1528,20,연남동,female,3407.489559008076
1529,20,연남동,male,3094.4941933932605
1530,20,염리동,female,2225.349602375647
1531,20,염리동,male,2096.884938239063
1532,20,용강동,female,4987.215703724898
1533,20,용강동,male,5183.563169768098
1534,20,합정동,female,5835.63542403919
1535,20,합정동,male,5658.265922446163
1536,21,공덕동,female,7428.246683804297
1537,21,공덕동,male,7147.645813658643
1538,21,대흥동,female,5120.118341469904
1539,21,대흥동,male,5293.574097624919
1540,21,도화동,female,5168.783630370435
1541,21,도화동,male,4999.8476190299
1542,21,망원1동,female,6006.862309350669
1543,21,망원1동,male,5462.973670253626
1544,21,망원2동,female,4128.14037695359
1545,21,망원2동,male,3952.0803698430636
1546,21,상암동,female,7989.054567967779
1547,21,상암동,male,8079.462300888282
1548,21,서강동,female,6077.230840245602
1549,21,서강동,male,6019.763018231961
1550,21,서교동,female,23066.318470212536
1551,21,서교동,male,22499.53287527866
1552,21,성산1동,female,3712.145735456556
1553,21,성산1동,male,3469.4434798504617
1554,21,성산2동,female,8348.313912690228
1555,21,성산2동,male,7358.332650311338
1556,21,신수동,female,2973.3448152907877
1557,21,신수동,male,2904.7559310119004
1558,21,아현동,female,4978.7066753818
1559,21,아현동,male,4621.7660519345945
1560,21,연남동,female,3178.4073668211963
1561,21,연남동,male,2902.429160873074
1562,21,염리동,female,2279.258983784029
1563,21,염리동,male,2117.163619554266
1564,21,용강동,female,4789.452419854516
1565,21,용강동,male,4871.590139278267
1566,21,합정동,female,5571.03073326555
1567,21,합정동,male,5429.617414374915
1568,22,공덕동,female,7501.055985985301
1569,22,공덕동,male,7105.070622560036
1570,22,대흥동,female,4746.897340682102
1571,22,대흥동,male,4829.438388986561
1572,22,도화동,female,5290.712847157746
1573,22,도화동,male,5012.196368876763
1574,22,망원1동,female,5939.223501121447
1575,22,망원1동,male,5471.19095760747
1576,22,망원2동,female,4200.250908691852
1577,22,망원2동,male,3945.844619824985
1578,22,상암동,female,7945.714560908516
1579,22,상암동,male,7972.987562773843
1580,22,서강동,female,5936.582566945063
1581,22,서강동,male,5969.193029401949
1582,22,서교동,female,18184.840057374386
1583,22,서교동,male,19816.93007994094
1584,22,성산1동,female,3839.1045439813606
1585,22,성산1동,male,3504.4362162883867
1586,22,성산2동,female,8260.536042454
1587,22,성산2동,male,7324.344916571371
1588,22,신수동,female,3034.6623113633555
1589,22,신수동,male,2919.799189900181
1590,22,아현동,female,4958.650134548417
1591,22,아현동,male,4605.770307795881
1592,22,연남동,female,2953.865379786617
1593,22,연남동,male,2783.4829008901343
1594,22,염리동,female,2290.419418850793
1595,22,염리동,male,2081.6937094009763
1596,22,용강동,female,4689.756344173967
1597,22,용강동,male,4740.61540144148
1598,22,합정동,female,5177.774937365251
1599,22,합정동,male,5241.420055327423
1600,23,공덕동,female,7645.412499553254
1601,23,공덕동,male,7142.075200395045
1602,23,대흥동,female,4556.691245605272
1603,23,대흥동,male,4620.9273290882265
1604,23,도화동,female,5062.209735373093
1605,23,도화동,male,4896.198456317791
1606,23,망원1동,female,5714.503760251861
1607,23,망원1동,male,5439.620186626735
1608,23,망원2동,female,4174.2233686252475
1609,23,망원2동,male,3935.0678676636962
1610,23,상암동,female,7525.233286884461
1611,23,상암동,male,7628.32835808238
1612,23,서강동,female,5735.546930121295
1613,23,서강동,male,5899.999449912365
1614,23,서교동,female,15021.009493396647
1615,23,서교동,male,17783.62872792913
1616,23,성산1동,female,3932.9483736498714
1617,23,성산1동,male,3586.629799568775
1618,23,성산2동,female,8259.159992722742
1619,23,성산2동,male,7349.583864646531
1620,23,신수동,female,3031.270746081345
1621,23,신수동,male,2964.287111900716
1622,23,아현동,female,4959.964509992678
1623,23,아현동,male,4568.496669100904
1624,23,연남동,female,2750.367507796688
1625,23,연남동,male,2643.5523582926676
1626,23,염리동,female,2266.073173403238
1627,23,염리동,male,2061.9879985960297
1628,23,용강동,female,4466.298791479848
1629,23,용강동,male,4513.142323734514
1630,23,합정동,female,4827.60139627213
1631,23,합정동,male,4912.320477568346
